1,1,1,1,1,1,1,1,1,1,1,1,1,1,1,1,1,1,1,1,1,1,1,1,1,1,1,1
0.984477,0.98294,0.986069,1.01345,0.982571,1.00744,1.00868,1.02725,0.987868,0.998524,0.992309,0.991757,0.981097,1.00564,1.00348,0.996853,1.01502,0.991086,0.991875,1.02138,0.985723,0.980637,1.00229,0.988638,0.999557,1.00922,0.990728,0.990576
0.977156,0.979446,0.984903,1.00562,0.987127,1.02102,1.01694,1.02073,1.01011,0.997748,0.995357,0.997231,0.98492,1.00848,0.989786,1.00196,1.00114,0.992283,0.979614,0.998259,1.01197,0.985024,1.0063,0.981351,0.989074,0.999846,0.992876,0.980008
0.983467,0.972448,0.989161,1.00366,0.974201,1.03241,1.00864,1.00648,1.00018,0.981258,0.980649,1.0033,0.980025,1.01633,0.986492,0.988165,1.00071,0.992732,0.964792,1.03073,1.01275,0.980645,1.00462,0.966684,0.984944,0.992112,0.985952,0.965647
0.975744,1.01135,0.978986,1.00293,0.976134,1.05531,1.01456,1.00717,1.01444,0.968915,0.967301,0.986222,0.987067,1.02579,0.982682,0.976528,0.986387,0.982762,0.969841,1.03388,1.00426,0.991074,1.00155,0.968553,1.00202,0.992843,0.994276,0.971211
0.965882,1.01396,0.969646,1.00427,0.972398,1.04536,1.03405,0.991349,1.02827,0.95396,0.961212,0.973453,0.966132,1.02055,0.968313,0.9867,0.978725,0.975019,0.982866,1.02811,1.00164,1.01064,0.977895,0.991196,1.01728,1.0144,1.00841,0.957507
0.968535,1.01916,0.976076,1.00193,0.956705,1.03756,1.04686,0.988741,1.02828,0.949394,0.963661,0.986445,0.948232,1.02007,0.954284,0.994323,0.95674,0.988079,0.99541,1.02202,0.990922,0.995719,0.968312,0.986836,1.06493,1.02188,0.997862,0.957326
0.967819,1.01924,0.981147,1.05251,0.947366,1.03927,1.03082,0.970841,1.04585,0.958629,0.952358,0.976989,0.923846,0.991893,0.945027,1.01063,0.960217,0.998722,0.988962,1.01186,0.982826,0.987125,0.971535,1.00172,1.06305,1.02027,1.01312,0.968136
0.975139,1.0222,0.996433,1.04516,0.937905,1.05905,1.02787,0.964957,1.05158,0.978984,0.961551,0.980673,0.947508,0.987616,0.932826,1.00755,0.966853,0.989839,0.982276,0.995793,0.983313,1.01396,0.974937,0.993504,1.06671,1.00554,1.01578,0.948449
0.97273,1.02819,1.00585,1.04317,0.936184,1.06203,1.01748,0.972031,1.04824,0.982963,0.941168,0.980777,0.969459,0.994119,0.933643,1.02293,0.963438,0.999044,0.969798,1.0038,0.984612,1.01604,0.957356,0.981577,1.08054,0.98654,1.0184,0.931528
0.985313,1.04417,1.00855,1.0448,0.953347,1.05846,1.00529,0.968035,1.04274,0.992511,0.929103,0.984165,0.979354,0.984571,0.952714,1.01873,0.963153,1.01039,0.953301,1.03325,0.987567,1.01165,0.950286,0.977472,1.052,0.987106,1.04034,0.935841
0.989746,1.04908,0.990996,1.04907,0.94798,1.06919,1.01519,0.949935,1.05446,0.993458,0.920918,0.978531,0.965482,0.981694,0.955368,1.03047,0.961889,1.03402,0.939505,1.06359,0.979201,1.00128,0.94362,0.979866,1.03811,0.988155,1.03866,0.956055
0.999254,1.06693,0.996078,1.03714,0.942736,1.07513,1.04151,0.951088,1.05924,0.989483,0.913589,0.987774,0.966511,0.995479,0.965497,1.02437,0.958331,1.03244,0.935139,1.08751,0.998679,1.01379,0.927687,0.96322,1.02786,0.990041,1.02647,0.950163
1.02233,1.05412,0.994145,1.05912,0.92927,1.07346,1.04695,0.932815,1.05615,1.00059,0.919241,0.993272,0.97669,0.991272,0.992314,1.00912,0.985,1.04438,0.92936,1.12966,1.01352,1.0178,0.924128,0.958472,1.02546,0.982816,1.0102,0.956454
1.0133,1.05086,0.973797,1.06131,0.957843,1.06878,1.05496,0.928022,1.03318,0.993553,0.924679,1.01884,0.972267,1.00044,0.991856,1.01053,1.00393,1.04607,0.948355,1.14176,1.02301,1.03668,0.909062,0.942899,1.04423,0.9782,1.00252,0.940102
1.01075,1.03516,0.977369,1.05234,0.960867,1.06614,1.0526,0.91545,1.06156,1.00264,0.912832,1.01248,0.971719,1.00153,0.986505,1.01153,1.00432,1.04194,0.945973,1.17132,1.01597,1.01945,0.899756,0.944631,1.02573,0.973945,0.988175,0.957879
1.02422,1.0222,0.967866,1.05827,0.940559,1.07594,1.07383,0.897486,1.06658,1.00413,0.937032,1.01091,0.954312,1.01616,0.974462,1.00726,1.02227,1.08633,0.949612,1.20574,0.999365,1.05185,0.885153,0.934493,1.01828,0.988179,0.976421,0.957497
1.01144,1.04115,1.00223,1.06163,0.960828,1.05264,1.06371,0.91306,1.09094,1.01093,0.934655,1.00614,0.96905,1.03169,0.96631,1.00242,1.06106,1.09921,0.961155,1.21203,1.03095,1.06631,0.891374,0.916186,1.02646,0.996995,0.970605,0.964539
1.00013,1.02255,1.02513,1.03773,0.958877,1.04891,1.05197,0.902511,1.10009,1.02198,0.947986,1.00268,0.954031,1.0338,0.960145,1.01352,1.09474,1.10153,0.951476,1.24424,1.00894,1.09066,0.901436,0.92727,1.0321,1.0097,0.992326,0.955909
0.995161,1.02231,1.02178,1.03769,0.955367,1.03641,1.03436,0.8954,1.10173,1.02457,0.942471,1.00152,0.950254,1.01809,0.963196,0.989654,1.0964,1.08519,0.946331,1.23718,1.01189,1.11744,0.89057,0.902458,1.02244,0.994435,0.990225,0.952229
0.999457,1.01515,1.02869,1.01662,0.97313,1.04101,1.03281,0.891485,1.09966,1.03101,0.927885,1.00142,0.945185,1.0058,0.988418,0.994435,1.11899,1.10071,0.936261,1.2591,1.0098,1.13469,0.890497,0.891081,1.03207,0.981845,0.979144,0.967792
0.982769,1.02441,1.04041,1.01188,0.966635,1.02325,1.02713,0.881536,1.08494,1.04412,0.928022,1.00415,0.936967,1.00833,1.01551,0.991163,1.10781,1.10913,0.926969,1.2393,1.01543,1.15307,0.892091,0.888621,1.047,0.978473,0.970563,0.981291
0.992366,1.00793,1.0494,0.994967,0.982988,1.01592,1.0439,0.893365,1.07454,1.03756,0.913648,1.0187,0.933215,0.996687,1.00562,0.986386,1.11441,1.11633,0.914625,1.22762,1.01398,1.13944,0.8908,0.881603,1.08377,1.01248,0.967352,0.978131
0.991291,0.986334,1.06935,0.990096,0.997303,1.01281,1.03121,0.898935,1.07409,1.04514,0.915581,1.02208,0.923554,1.00052,1.03003,0.981866,1.12937,1.12044,0.917366,1.23979,1.01179,1.13297,0.911901,0.882663,1.07525,1.03025,0.97623,0.976275
0.979339,0.992096,1.06567,0.983033,1.00396,1.04384,1.02979,0.918766,1.06307,1.0308,0.914787,1.00913,0.929924,0.99283,1.02893,0.969093,1.14906,1.13492,0.914589,1.22798,1.00607,1.1189,0.917443,0.870473,1.07794,1.01712,0.972465,0.988486
0.968677,0.995033,1.06557,0.981381,1.00135,1.04874,1.03044,0.905924,1.06748,1.04087,0.932439,1.00962,0.934222,0.991887,1.03519,0.965748,1.15192,1.1321,0.891369,1.2197,1.00027,1.1287,0.923866,0.863971,1.07243,1.03156,0.969413,0.987157
0.95738,0.990466,1.06921,0.990808,0.989351,1.05568,1.03286,0.913246,1.04753,1.03105,0.917667,1.00801,0.925497,0.973013,1.0382,0.951772,1.14679,1.12167,0.901477,1.24464,1.0061,1.128,0.915862,0.848854,1.05874,1.0349,0.960151,0.986797
0.947938,1.00782,1.04816,0.979472,0.978339,1.04212,1.02877,0.916062,1.0401,1.01502,0.922168,0.995268,0.91046,0.959152,1.0383,0.938567,1.1357,1.10788,0.902714,1.26077,1.00073,1.12533,0.905426,0.86032,1.05209,1.02038,0.950826,0.975791
0.948633,1.0333,1.03902,0.961425,0.98731,1.03744,1.02687,0.907839,1.01957,0.996232,0.928694,0.977277,0.91668,0.94668,1.03149,0.92442,1.11959,1.1062,0.903612,1.25805,0.986949,1.14313,0.902059,0.857385,1.06898,1.04328,0.942128,0.963813
0.931749,1.02396,1.04762,0.958663,0.980172,1.04732,1.02663,0.884539,1.00733,0.990566,0.95546,0.980267,0.944986,0.971777,1.00818,0.907702,1.12491,1.11501,0.906315,1.26314,0.971755,1.14661,0.904414,0.855262,1.07557,1.04584,0.944469,0.956392
0.923751,1.00965,1.0367,0.968158,0.975307,1.07441,1.0423,0.89674,0.994012,0.984591,0.944102,0.964006,0.97252,0.969969,0.999209,0.89836,1.14437,1.12988,0.91987,1.28818,1.0131,1.17917,0.930144,0.8551,1.08953,1.05064,0.941005,0.955751
0.942643,1.00928,1.0196,0.955269,1.00003,1.0662,1.05791,0.881228,0.987452,0.973049,0.92679,0.972918,0.98001,0.957957,1.03278,0.89042,1.14287,1.12957,0.911422,1.30238,1.02792,1.19348,0.921941,0.839298,1.0773,1.04635,0.951688,0.971837
0.968235,0.996344,1.01775,0.936013,0.996101,1.07724,1.05067,0.883993,0.973956,0.981893,0.92799,0.95892,0.994307,0.974081,1.01997,0.888269,1.13166,1.13981,0.906847,1.31574,1.01593,1.1872,0.934513,0.825345,1.09387,1.05283,0.948502,0.957802
0.97112,0.99901,0.998255,0.924939,0.989134,1.0847,1.06045,0.893275,0.965539,0.989872,0.927336,0.958982,0.990657,0.961261,1.01719,0.881112,1.12078,1.14355,0.904928,1.31353,1.03447,1.18631,0.928269,0.824016,1.07935,1.04948,0.943967,0.964284
0.998211,1.01447,0.975055,0.925743,1.007,1.0993,1.06112,0.88281,0.96174,0.984723,0.923252,0.960698,0.990845,0.950085,1.00614,0.882782,1.11267,1.14588,0.901126,1.34476,1.04674,1.17118,0.920354,0.81412,1.06205,1.04261,0.946544,0.957835
1.01508,1.00609,0.959546,0.922243,1.00018,1.08924,1.05326,0.896764,0.957171,0.991733,0.919927,0.957695,0.988822,0.938351,0.9952,0.880751,1.11863,1.14326,0.891897,1.36666,1.04614,1.15659,0.934556,0.817407,1.10133,1.06889,0.944869,0.952219
1.00157,1.01164,0.952168,0.922484,0.999497,1.09262,1.03904,0.895007,0.95064,0.977956,0.913993,0.964534,0.994434,0.937701,0.998276,0.867415,1.10725,1.12775,0.889155,1.35708,1.03451,1.15308,0.922023,0.861716,1.13614,1.07894,0.957256,0.943687
1.00149,0.992114,0.931341,0.922387,1.00744,1.09028,1.06075,0.896164,0.941701,0.981541,0.900502,0.959635,0.985338,0.95312,1.00639,0.852421,1.11248,1.11121,0.878653,1.34142,1.04251,1.14357,0.922222,0.850742,1.14957,1.06891,0.944416,0.944274
1.0188,1.00579,0.918916,0.920961,1.02437,1.08529,1.08259,0.889256,0.941174,0.963986,0.899688,0.951179,0.987099,0.937338,1.0093,0.844375,1.11574,1.10636,0.879607,1.37882,1.05015,1.12277,0.914513,0.857923,1.14464,1.05913,0.946218,0.942908
1.02123,1.01024,0.906612,0.905858,1.03038,1.06306,1.09205,0.901168,0.9548,0.976566,0.892515,0.942437,0.984918,0.938474,1.01035,0.846429,1.11426,1.0969,0.883478,1.36546,1.05414,1.10165,0.925037,0.866422,1.13761,1.05187,0.994281,0.937904
1.013,1.0121,0.92266,0.905348,1.0227,1.04514,1.09159,0.902501,0.954604,0.984048,0.873952,0.935014,0.991381,0.937402,1.00538,0.835154,1.13883,1.11124,0.880863,1.36604,1.04091,1.10409,0.92218,0.877276,1.13697,1.04329,0.989083,0.962717
1.02334,1.00394,0.90931,0.895732,1.0365,1.04663,1.07389,0.896866,0.945121,1.00544,0.859359,0.926587,0.991244,0.946973,0.991922,0.827541,1.13771,1.09714,0.876005,1.38781,1.02972,1.10787,0.916323,0.895283,1.11918,1.05199,0.990204,0.942656
1.00669,1.01994,0.904316,0.897288,1.05048,1.04495,1.05999,0.884336,0.950831,1.01358,0.851631,0.915476,0.969555,0.932038,1.00284,0.81321,1.12864,1.1072,0.866094,1.3919,1.0385,1.11214,0.918716,0.906593,1.10509,1.0308,0.978526,0.937819
1.00979,1.00412,0.895934,0.883648,1.0555,1.04359,1.05083,0.871534,0.950847,1.00743,0.857087,0.905231,0.978408,0.929027,1.00894,0.804179,1.12121,1.10805,0.867495,1.36562,1.03748,1.13045,0.905815,0.9004,1.08808,1.01331,1.01419,0.943167
1.01413,1.00704,0.888181,0.869007,1.0641,1.03368,1.0436,0.858122,0.954772,0.995601,0.856728,0.891143,0.969583,0.940615,1.00458,0.793246,1.11335,1.10372,0.856123,1.34427,1.02767,1.13778,0.903519,0.893575,1.07055,1.00767,0.996334,0.935309
1.01423,1.02489,0.886204,0.860342,1.08057,1.03938,1.03373,0.851072,0.947899,0.983064,0.845954,0.884802,0.971012,0.946316,0.998108,0.78619,1.11125,1.11007,0.843285,1.32818,1.03409,1.13039,0.898606,0.89746,1.05049,0.994767,0.994358,0.94468
1.01148,1.01832,0.869039,0.856668,1.07849,1.03215,1.04217,0.851853,0.932405,0.979839,0.837343,0.871008,0.961925,0.945182,1.00131,0.768458,1.10964,1.09365,0.840186,1.31317,1.02347,1.12584,0.881883,0.897521,1.05251,0.977737,0.998757,0.935056
1.02777,1.01349,0.866946,0.85379,1.07302,1.02811,1.03942,0.854038,0.935336,0.973261,0.832858,0.871118,0.948562,0.932355,1.00592,0.754953,1.1165,1.10063,0.834625,1.30055,1.02925,1.12625,0.877195,0.905373,1.03969,0.968308,0.992994,0.927316
1.01429,1.01042,0.854292,0.855628,1.10161,1.02089,1.01707,0.85031,0.932513,0.963335,0.827515,0.853875,0.946158,0.942625,0.992444,0.73948,1.11856,1.11026,0.835717,1.28369,1.03608,1.12561,0.879232,0.903358,1.02584,0.972966,0.978366,0.94773
0.998946,0.998221,0.842988,0.85029,1.13018,1.01454,1.00512,0.835861,0.926645,0.953982,0.815013,0.842572,0.94051,0.942411,0.988395,0.74192,1.12093,1.10038,0.833477,1.2638,1.06171,1.13036,0.871362,0.911807,1.0116,0.97504,0.979404,0.940995
0.989014,1.00664,0.833634,0.841126,1.14007,1.01053,1.01745,0.824114,0.960151,0.947698,0.807012,0.836035,0.963445,0.940141,0.970558,0.749138,1.13316,1.08752,0.839762,1.30336,1.05831,1.12316,0.876327,0.912572,1.01251,0.973669,0.977428,0.941847
0.982594,0.985641,0.837834,0.83801,1.13505,1.01002,1.02092,0.821815,0.942198,0.933781,0.799562,0.826408,0.96066,0.928795,0.972169,0.745093,1.13179,1.08668,0.822032,1.32158,1.04975,1.09902,0.873608,0.902738,1.00195,0.986174,0.968033,0.928576
0.998359,0.99568,0.827844,0.837016,1.14286,1.03558,1.00274,0.816999,0.939211,0.921693,0.793247,0.82964,0.949992,0.924153,0.979604,0.735802,1.18715,1.0951,0.821536,1.37076,1.04457,1.0861,0.864162,0.898392,0.993917,1.00606,0.963874,0.939395
0.990682,1.00234,0.823588,0.82868,1.15897,1.03528,0.995529,0.800029,0.937998,0.916712,0.804163,0.817191,0.935546,0.909158,0.980066,0.719821,1.1801,1.07185,0.828173,1.39113,1.03504,1.09046,0.874167,0.908091,0.980134,0.985829,0.95615,0.93099
0.973743,0.9818,0.841211,0.832856,1.14349,1.05373,0.984356,0.795515,0.947516,0.914444,0.789984,0.820601,0.928521,0.911556,0.964788,0.713222,1.17784,1.0632,0.828813,1.37367,1.03019,1.10808,0.865024,0.893047,0.96207,0.9938,0.959531,0.920422
0.958948,0.989125,0.845721,0.842899,1.14548,1.065,0.987773,0.77788,0.945002,0.914716,0.807997,0.823044,0.932375,0.908731,0.946091,0.705205,1.16532,1.05309,0.837612,1.34858,1.01254,1.11818,0.87109,0.880927,0.958437,0.992381,0.955098,0.907903
0.948222,0.988612,0.852543,0.842253,1.1397,1.05146,0.977695,0.770493,0.961059,0.910984,0.795101,0.824429,0.918836,0.906032,0.925853,0.711002,1.1416,1.05908,0.829618,1.34028,1.02863,1.15719,0.868928,0.882342,0.96154,0.994258,0.936877,0.89799
0.95003,0.974801,0.845021,0.828099,1.14481,1.07126,0.997045,0.75985,0.950019,0.920591,0.817039,0.812781,0.926611,0.900155,0.935417,0.699543,1.15331,1.08274,0.839632,1.3241,1.05298,1.18143,0.863545,0.869405,0.956711,0.994604,0.924247,0.921196
0.968267,0.972059,0.844942,0.829851,1.14109,1.0633,0.986991,0.77244,0.938787,0.905345,0.809287,0.811541,0.947383,0.900561,0.928536,0.705347,1.18232,1.06727,0.838967,1.3581,1.04843,1.16116,0.861331,0.865436,0.952445,0.976266,0.941303,0.912589
0.970831,0.962461,0.85295,0.8196,1.1416,1.09145,0.986321,0.775785,0.918917,0.888222,0.805605,0.815254,0.960487,0.895241,0.925334,0.693318,1.1716,1.04619,0.863221,1.35226,1.0649,1.16033,0.847875,0.85494,0.938411,0.964777,0.942891,0.904338
0.96583,0.964806,0.870984,0.83377,1.16423,1.06938,0.971712,0.777635,0.916999,0.88449,0.797259,0.804294,0.959623,0.88384,0.958037,0.700145,1.15584,1.04503,0.878226,1.36105,1.05275,1.14507,0.860747,0.842781,0.944197,0.960489,0.935867,0.919887
0.981215,0.963664,0.874365,0.844802,1.16082,1.07563,1.01476,0.76521,0.947954,0.87218,0.795006,0.805977,0.976958,0.882896,0.944971,0.689642,1.1516,1.04281,0.884846,1.34735,1.04504,1.14534,0.862812,0.861065,0.938805,0.963164,0.92069,0.913247
0.98434,0.949888,0.869901,0.839708,1.15228,1.07693,1.01312,0.77735,0.951505,0.867084,0.801105,0.792529,1.00044,0.881109,0.954187,0.699541,1.159,1.03684,0.888099,1.33443,1.08982,1.1523,0.858061,0.870336,0.939464,0.969648,0.939889,0.914514
0.980114,0.96222,0.863802,0.846361,1.12289,1.06815,1.01014,0.771443,0.94601,0.871063,0.793846,0.792593,0.995901,0.884167,0.937639,0.686098,1.1511,1.02329,0.877216,1.35137,1.0756,1.14026,0.842561,0.869199,0.923343,0.976118,0.945143,0.911436
0.983458,0.954818,0.850517,0.845761,1.11805,1.04763,0.997027,0.765567,0.959699,0.871872,0.78151,0.783497,0.993617,0.890398,0.938135,0.685345,1.14655,1.02881,0.872925,1.37983,1.06701,1.12652,0.847621,0.863285,0.904138,0.991572,0.934046,0.929972
0.986292,0.9448,0.864731,0.856093,1.13092,1.07138,0.991375,0.762596,0.961255,0.859856,0.796339,0.773306,0.990952,0.898988,0.926043,0.689945,1.13695,1.03217,0.869997,1.37801,1.05482,1.11309,0.835928,0.864232,0.903397,0.998307,0.918421,0.929539
0.973093,0.940641,0.849421,0.846771,1.11749,1.06672,0.971844,0.759222,0.986477,0.86698,0.788045,0.763107,0.995043,0.891029,0.915114,0.680066,1.15432,1.03727,0.882232,1.37996,1.07304,1.11064,0.834254,0.863453,0.903785,0.980369,0.906326,0.925562
0.963058,0.937625,0.842499,0.836837,1.12753,1.07408,0.950148,0.754796,0.987287,0.867167,0.784403,0.760529,0.986544,0.883276,0.912582,0.676209,1.14334,1.03605,0.881962,1.39076,1.06254,1.13302,0.86173,0.870378,0.905499,0.971527,0.89434,0.928338
0.96006,0.939916,0.852887,0.821305,1.13435,1.0839,0.949177,0.751975,0.976423,0.870658,0.785077,0.757453,0.977989,0.879069,0.912102,0.665317,1.15028,1.05829,0.882413,1.39368,1.05759,1.13411,0.85254,0.880251,0.887845,0.958069,0.883856,0.931633
0.957985,0.962671,0.852641,0.810419,1.14288,1.06731,0.936174,0.741056,0.958453,0.858019,0.783248,0.763607,0.977002,0.882438,0.905131,0.665969,1.1516,1.05832,0.878919,1.43387,1.06026,1.12008,0.866946,0.877028,0.906712,0.966932,0.876928,0.919391
0.95847,0.978198,0.844068,0.803022,1.13445,1.05837,0.923705,0.730422,0.946482,0.848226,0.792001,0.759045,0.983921,0.879761,0.896102,0.654284,1.17094,1.08118,0.87177,1.42547,1.03958,1.12229,0.861716,0.877633,0.909091,0.958254,0.879386,0.910762
0.95662,0.967052,0.837359,0.804772,1.13151,1.04219,0.916636,0.730507,0.933227,0.841008,0.796883,0.759766,0.98608,0.86747,0.88449,0.652159,1.17087,1.06797,0.889426,1.41211,1.02392,1.1299,0.84684,0.868553,0.912486,0.966084,0.865289,0.902363
0.947114,0.960081,0.850554,0.801266,1.10785,1.04801,0.918956,0.726587,0.931795,0.842142,0.779792,0.752377,1.04201,0.895413,0.884284,0.643663,1.1635,1.0538,0.871193,1.44894,1.0087,1.12497,0.84912,0.858341,0.90302,0.96425,0.881498,0.902746
0.972231,0.94919,0.843052,0.814075,1.0887,1.04429,0.90351,0.732194,0.913801,0.850823,0.786858,0.74981,1.04419,0.887736,0.894389,0.643821,1.20485,1.07291,0.88354,1.4981,1.00398,1.1261,0.844102,0.866022,0.887087,0.955981,0.88594,0.899922
0.987205,0.95023,0.83932,0.81167,1.06978,1.05497,0.898945,0.73728,0.918749,0.838634,0.816116,0.759423,1.04004,0.883454,0.878125,0.634415,1.20895,1.07537,0.896805,1.50046,0.988176,1.13107,0.832768,0.874942,0.876883,0.962494,0.882284,0.90088
0.977018,0.947776,0.833269,0.803097,1.05095,1.05002,0.897528,0.732139,0.913567,0.822964,0.810742,0.751953,1.0311,0.887844,0.871554,0.632077,1.19123,1.08729,0.883026,1.50131,0.977957,1.13287,0.819582,0.868006,0.894494,0.958298,0.889269,0.883324
0.977087,0.926331,0.838414,0.789869,1.03741,1.03707,0.909387,0.716302,0.922492,0.818933,0.813388,0.738399,1.02533,0.889354,0.857366,0.641445,1.18608,1.09713,0.876408,1.49709,0.980166,1.11153,0.815425,0.853891,0.873674,0.961239,0.887306,0.867956
0.975975,0.924,0.82439,0.78551,1.02886,1.01461,0.906522,0.714333,0.913123,0.814989,0.812027,0.726786,1.05163,0.875132,0.858305,0.634527,1.19905,1.09434,0.867273,1.53855,0.975456,1.11595,0.804857,0.854535,0.8662,0.955483,0.903176,0.863867
0.961869,0.907266,0.815865,0.787937,1.02946,1.00791,0.895383,0.700557,0.898771,0.810407,0.801507,0.717028,1.06436,0.871968,0.860661,0.62339,1.19027,1.08025,0.864608,1.54685,0.994973,1.09549,0.794831,0.844833,0.869317,0.956035,0.889882,0.85717
0.986621,0.905087,0.833534,0.799404,1.04226,0.994023,0.892406,0.693351,0.920815,0.803307,0.789242,0.728369,1.09734,0.866543,0.860988,0.621005,1.17927,1.09859,0.851767,1.52832,0.993419,1.11255,0.793389,0.846336,0.866932,0.938158,0.895051,0.857471
0.982512,0.915609,0.823136,0.784094,1.04492,0.978614,0.893968,0.68924,0.918221,0.793963,0.795159,0.726664,1.10195,0.871132,0.863228,0.620683,1.1739,1.08901,0.843257,1.53533,0.981726,1.09354,0.79545,0.842752,0.867186,0.924117,0.884467,0.851118
0.967783,0.908091,0.812266,0.774683,1.05602,0.978019,0.898353,0.693854,0.905182,0.79241,0.804736,0.718142,1.08566,0.862932,0.854544,0.608884,1.16724,1.12721,0.862965,1.55338,0.97908,1.06282,0.784858,0.837468,0.861709,0.938432,0.865969,0.851318
0.966136,0.906903,0.808562,0.798069,1.04471,0.983218,0.889532,0.701869,0.899439,0.781167,0.792623,0.700823,1.06736,0.857354,0.855871,0.594908,1.16589,1.12763,0.863244,1.57499,0.964805,1.05617,0.800233,0.854915,0.875646,0.921803,0.877749,0.839054
0.954758,0.89464,0.802104,0.798306,1.03509,0.981124,0.890253,0.690254,0.884465,0.788535,0.778122,0.704707,1.06225,0.864091,0.842959,0.597325,1.16476,1.12156,0.874182,1.5701,0.949186,1.03994,0.80393,0.857996,0.873025,0.925758,0.881224,0.836954
0.939521,0.875584,0.81251,0.79745,1.0282,0.965429,0.880571,0.685267,0.898267,0.791968,0.770139,0.698223,1.08591,0.866002,0.832776,0.589825,1.15665,1.12169,0.911616,1.5511,0.922548,1.02127,0.793641,0.852396,0.867519,0.916568,0.883917,0.828662
0.944553,0.876544,0.80841,0.832243,1.03391,0.960066,0.901516,0.680842,0.911556,0.788823,0.768346,0.68401,1.10135,0.870873,0.83862,0.579805,1.16302,1.11389,0.921378,1.5558,0.937787,1.02827,0.795499,0.859387,0.878686,0.912916,0.881855,0.825528
0.942184,0.86139,0.792578,0.830257,1.04034,0.942995,0.900095,0.671129,0.911304,0.778036,0.768649,0.671,1.0945,0.870797,0.82957,0.571739,1.17097,1.11173,0.904406,1.53413,0.94561,1.00222,0.804492,0.853979,0.863579,0.929025,0.871021,0.831641
0.942795,0.864853,0.780317,0.832588,1.02569,0.976439,0.913141,0.664297,0.903137,0.78669,0.757845,0.667849,1.07993,0.876009,0.827072,0.561008,1.17172,1.12895,0.899623,1.54523,0.936492,0.99948,0.796366,0.862302,0.859932,0.931181,0.880009,0.822852
0.929165,0.860651,0.77599,0.827276,1.01953,0.980679,0.907036,0.652074,0.901147,0.787308,0.755293,0.67266,1.08498,0.866532,0.821283,0.54799,1.14603,1.10388,0.902088,1.54442,0.935221,0.983704,0.78835,0.844077,0.868847,0.943508,0.878985,0.809167
0.925665,0.845284,0.768636,0.818562,1.00479,0.970873,0.893866,0.646163,0.886419,0.793272,0.750581,0.662906,1.10362,0.877295,0.802867,0.542881,1.15503,1.08742,0.891386,1.55196,0.930829,0.995599,0.77968,0.883241,0.853746,0.94266,0.863866,0.813293
0.91321,0.841561,0.763608,0.815834,1.00937,0.975992,0.875979,0.635568,0.869201,0.803534,0.753084,0.663903,1.09843,0.871517,0.789486,0.534181,1.14902,1.0717,0.875089,1.55033,0.93253,1.01829,0.774986,0.874673,0.840814,0.94119,0.849809,0.8075
0.913445,0.84767,0.761247,0.80761,1.00487,0.992298,0.87009,0.629594,0.86617,0.797898,0.741371,0.653902,1.12417,0.889148,0.775599,0.52677,1.14058,1.06555,0.872537,1.53827,0.949735,1.01551,0.774732,0.875234,0.827,0.942431,0.834315,0.811518
0.910348,0.837714,0.76173,0.812562,0.989858,0.986778,0.866326,0.622485,0.844939,0.809238,0.752606,0.646457,1.11914,0.890411,0.777407,0.514354,1.13424,1.05335,0.87587,1.5106,0.93983,1.00162,0.781569,0.866739,0.833346,0.933462,0.827104,0.82778
0.91596,0.832518,0.748033,0.807641,0.973046,0.981987,0.854072,0.618628,0.847677,0.79539,0.745957,0.643527,1.10712,0.886923,0.76966,0.515078,1.12812,1.05106,0.86924,1.50639,0.955826,0.987675,0.784473,0.877833,0.829619,0.934099,0.811988,0.858023
0.901967,0.830233,0.739049,0.807689,0.984031,0.977191,0.85836,0.612347,0.856307,0.782777,0.73283,0.634985,1.10563,0.883709,0.762093,0.519578,1.10356,1.05384,0.861403,1.49989,0.947324,0.979135,0.775743,0.879178,0.821267,0.924835,0.803833,0.865173
0.891401,0.815994,0.740785,0.812248,0.977152,0.966249,0.86358,0.612693,0.85651,0.781132,0.75532,0.637797,1.11811,0.885842,0.756747,0.518346,1.12156,1.05673,0.861095,1.47743,0.939276,0.999447,0.770306,0.890057,0.807839,0.914824,0.807135,0.880779
0.899499,0.801514,0.731962,0.810062,0.978637,0.954367,0.858587,0.598716,0.859377,0.782174,0.757251,0.633555,1.10044,0.885902,0.760061,0.517256,1.14733,1.06164,0.85936,1.46721,0.934619,0.984592,0.768127,0.890871,0.812301,0.916214,0.802131,0.879705
0.901367,0.782977,0.72675,0.805329,0.997544,0.995894,0.860076,0.588889,0.847206,0.781243,0.738871,0.631808,1.09038,0.878748,0.761649,0.509917,1.13719,1.0522,0.858948,1.44673,0.932543,0.975919,0.769542,0.889054,0.806902,0.900429,0.790753,0.887557
0.911749,0.767246,0.740375,0.807133,1.00559,1.00183,0.858904,0.594083,0.842953,0.786853,0.731457,0.624119,1.09545,0.882052,0.748469,0.500976,1.10754,1.03786,0.865796,1.42619,0.93488,0.97261,0.794258,0.899722,0.807379,0.904942,0.793388,0.894068
0.901598,0.773442,0.733391,0.808184,1.02191,1.01005,0.860899,0.584503,0.840753,0.781838,0.73416,0.634469,1.08897,0.878099,0.739347,0.495154,1.11589,1.03734,0.853416,1.42198,0.931891,0.966188,0.803178,0.896773,0.797976,0.912614,0.7996,0.906137
0.904258,0.781955,0.719358,0.808881,1.03959,1.017,0.861122,0.578056,0.841883,0.782192,0.728002,0.62198,1.08711,0.876127,0.747382,0.486879,1.10953,1.06959,0.859769,1.44612,0.916393,0.961976,0.787834,0.885185,0.822299,0.907833,0.792352,0.900239
0.886944,0.784548,0.705844,0.799819,1.03293,1.01295,0.861774,0.574733,0.8397,0.771446,0.7306,0.640031,1.06446,0.876351,0.741746,0.484993,1.1317,1.08403,0.843331,1.42499,0.924192,0.970552,0.805702,0.899736,0.821979,0.891307,0.771626,0.913588
0.89421,0.770566,0.704681,0.784621,1.02906,1.00122,0.862023,0.562499,0.833543,0.769789,0.724,0.638363,1.06121,0.85722,0.735339,0.48739,1.1122,1.09153,0.841991,1.41605,0.935303,1.00005,0.803452,0.905143,0.827816,0.875511,0.774943,0.906643
0.884364,0.757126,0.692423,0.779776,1.03959,1.00811,0.853543,0.5636,0.831697,0.776954,0.717562,0.648855,1.05636,0.855837,0.737497,0.487352,1.09643,1.10088,0.83617,1.40337,0.948608,0.998224,0.811916,0.905582,0.836783,0.873158,0.798815,0.899932
0.873818,0.75334,0.688159,0.768371,1.03519,1.0206,0.846666,0.563179,0.873816,0.769457,0.713014,0.646831,1.0519,0.843515,0.730113,0.482744,1.08342,1.09961,0.824421,1.39482,0.947864,0.998981,0.822561,0.896527,0.830043,0.863403,0.800238,0.909934
0.854066,0.755699,0.67615,0.764787,1.03815,1.00136,0.830815,0.554629,0.859185,0.756284,0.708585,0.644694,1.04923,0.836695,0.717475,0.482243,1.1044,1.08322,0.821348,1.3689,0.945,0.995624,0.809643,0.895225,0.835839,0.854692,0.793152,0.904465
0.848363,0.748656,0.669767,0.757312,1.03961,1.0038,0.809908,0.549899,0.854692,0.743726,0.70882,0.649073,1.03857,0.844915,0.721654,0.481623,1.09727,1.07704,0.836348,1.38532,0.943274,0.995676,0.816141,0.883914,0.82817,0.849905,0.77998,0.897439
0.838628,0.744459,0.658959,0.762873,1.03876,0.986447,0.813427,0.548303,0.84882,0.737385,0.693764,0.650703,1.02301,0.846275,0.719023,0.478438,1.10459,1.11355,0.828436,1.36452,0.943122,0.973508,0.815723,0.892996,0.811234,0.846398,0.768692,0.910361
0.830582,0.761107,0.645366,0.762541,1.02298,0.981238,0.80879,0.545163,0.849392,0.739505,0.693731,0.65764,1.0512,0.86233,0.717712,0.471599,1.08236,1.10985,0.818813,1.35576,0.946415,0.981657,0.812369,0.912012,0.795707,0.839939,0.766895,0.894376
0.828474,0.751918,0.646025,0.764108,1.00453,0.972288,0.799583,0.539455,0.850775,0.731025,0.706147,0.654791,1.04697,0.863825,0.711365,0.469603,1.08683,1.11164,0.825183,1.35229,0.941082,0.964156,0.813609,0.903917,0.78589,0.844893,0.762103,0.882624
0.829389,0.744231,0.631366,0.760599,1.00214,0.9593,0.792921,0.527962,0.84039,0.72384,0.711204,0.649572,1.08485,0.852119,0.715067,0.471618,1.08441,1.13299,0.832738,1.37534,0.924098,0.978866,0.825368,0.901203,0.79367,0.857539,0.75104,0.87145
0.818756,0.745536,0.626368,0.7613,1.01191,0.968229,0.79045,0.531805,0.822053,0.727119,0.713266,0.64831,1.07133,0.851813,0.71841,0.479164,1.06206,1.12445,0.83549,1.37557,0.919514,0.972489,0.833765,0.898233,0.783848,0.844305,0.739356,0.874118
0.801715,0.747389,0.626033,0.749756,1.02703,0.95911,0.788529,0.527888,0.816895,0.737464,0.709984,0.648887,1.05693,0.860039,0.724809,0.480081,1.05747,1.10955,0.834113,1.40482,0.93484,0.97382,0.857229,0.889133,0.786878,0.84063,0.755958,0.860268
0.791929,0.739761,0.626834,0.748847,1.07383,0.952751,0.778373,0.521609,0.810536,0.734006,0.708029,0.647581,1.06504,0.852158,0.718594,0.482783,1.05931,1.12017,0.844485,1.41574,0.915428,0.982352,0.865135,0.890007,0.792718,0.830981,0.740421,0.867275
0.786246,0.727728,0.622933,0.742458,1.11718,0.9837,0.763823,0.512264,0.815566,0.733555,0.715249,0.640224,1.04696,0.874272,0.71054,0.477725,1.05091,1.10215,0.850444,1.39765,0.898139,0.978911,0.854021,0.880481,0.795499,0.841146,0.735757,0.85479
0.780451,0.71265,0.635239,0.731254,1.12763,0.977252,0.757989,0.514593,0.803067,0.722626,0.708191,0.635629,1.04145,0.884303,0.696841,0.473697,1.04762,1.10728,0.833916,1.40737,0.895212,0.984992,0.844627,0.876958,0.8134,0.838792,0.74245,0.847935
0.77632,0.722646,0.637981,0.716914,1.13596,0.980413,0.755506,0.520312,0.800417,0.7195,0.720793,0.634638,1.04524,0.887841,0.69269,0.469678,1.0279,1.10646,0.841526,1.40242,0.917932,1.00574,0.834,0.871423,0.810089,0.830098,0.736033,0.845175
0.758155,0.7263,0.63033,0.714185,1.12256,0.966598,0.753762,0.522839,0.791357,0.702897,0.718787,0.627709,1.05456,0.89399,0.689772,0.464849,1.02351,1.09219,0.838778,1.40948,0.904256,1.00375,0.820452,0.861637,0.813119,0.831938,0.742561,0.843237
0.743406,0.726043,0.621972,0.712464,1.12395,0.958598,0.738416,0.51939,0.780603,0.700817,0.717433,0.636971,1.05554,0.901255,0.686205,0.458987,1.02493,1.08778,0.8458,1.43354,0.897707,1.0092,0.823533,0.852434,0.805583,0.854163,0.735011,0.859645
0.724728,0.738364,0.62581,0.701071,1.16518,0.947038,0.721611,0.526338,0.773608,0.704538,0.719546,0.633487,1.05691,0.913254,0.694326,0.456009,1.01951,1.09785,0.861089,1.46518,0.910944,1.00902,0.821539,0.845458,0.813048,0.847397,0.735226,0.862307
0.721806,0.729634,0.62937,0.693629,1.20952,0.942168,0.731624,0.523006,0.774283,0.706049,0.731864,0.632436,1.06051,0.915845,0.686991,0.446344,1.03781,1.12626,0.911106,1.47072,0.923253,1.02818,0.812049,0.84078,0.811746,0.837216,0.737611,0.870062
0.718235,0.717334,0.629164,0.691727,1.25795,0.929181,0.728536,0.518513,0.776022,0.707835,0.735474,0.630605,1.04516,0.910472,0.691652,0.442638,1.03662,1.13383,0.918724,1.49693,0.933005,1.06013,0.799798,0.831043,0.796703,0.866218,0.741182,0.877021
0.708112,0.716645,0.627846,0.686451,1.28377,0.947093,0.731033,0.513448,0.777586,0.702091,0.736882,0.622564,1.02793,0.927197,0.705239,0.438769,1.02691,1.1566,0.92721,1.52019,0.921841,1.05785,0.793811,0.823365,0.79013,0.863443,0.734669,0.890591
0.712201,0.715701,0.626548,0.67798,1.28925,0.93561,0.755928,0.503663,0.774372,0.704259,0.753814,0.62935,1.01354,0.926212,0.69431,0.43399,1.03212,1.14961,0.915732,1.54299,0.917107,1.07979,0.782555,0.815271,0.801834,0.851501,0.729762,0.880322
0.706316,0.708348,0.624418,0.669875,1.31133,0.932607,0.751159,0.502967,0.772019,0.698789,0.744052,0.627122,1.0137,0.913326,0.687027,0.434191,1.04027,1.14131,0.918358,1.52667,0.911336,1.08317,0.768364,0.817405,0.809601,0.839973,0.741228,0.892333
0.707836,0.720794,0.612167,0.66717,1.30264,0.914257,0.745047,0.500131,0.779555,0.71176,0.751648,0.621953,1.00773,0.925464,0.675763,0.43833,1.03259,1.15411,0.922861,1.51085,0.90538,1.07734,0.771208,0.807782,0.81268,0.838581,0.744935,0.893822
0.700331,0.721774,0.608022,0.651548,1.33177,0.908261,0.742769,0.495822,0.779075,0.705343,0.74976,0.61289,1.03456,0.907439,0.669413,0.435305,1.03169,1.13592,0.922143,1.49847,0.894511,1.09186,0.757987,0.802496,0.831459,0.831302,0.745523,0.906389
0.698326,0.732134,0.599783,0.638783,1.32857,0.914267,0.740474,0.494457,0.767673,0.707658,0.75584,0.617514,1.02704,0.907424,0.671008,0.445314,1.01773,1.12737,0.919887,1.49697,0.903131,1.12246,0.760907,0.807167,0.834857,0.826016,0.752377,0.901836
0.700062,0.73189,0.59878,0.631463,1.31876,0.912354,0.728899,0.500871,0.759697,0.709331,0.756168,0.614735,1.05,0.891056,0.663687,0.444047,1.01499,1.13329,0.917946,1.49905,0.914659,1.13273,0.755102,0.805492,0.843869,0.815644,0.747168,0.936705
0.690809,0.740863,0.597987,0.629478,1.32868,0.895774,0.715033,0.49629,0.754454,0.70862,0.749112,0.604769,1.073,0.879105,0.674859,0.455761,1.03825,1.13009,0.909556,1.50942,0.912181,1.14379,0.767161,0.806576,0.844863,0.810138,0.749581,0.946159
0.678052,0.746307,0.595018,0.623088,1.31906,0.887252,0.71058,0.492055,0.757482,0.700405,0.735931,0.59437,1.08685,0.85894,0.667664,0.455372,1.03405,1.13715,0.896868,1.49439,0.907024,1.12286,0.757831,0.806844,0.855444,0.803433,0.74465,0.936912
0.67709,0.738287,0.585483,0.625458,1.32214,0.880774,0.701921,0.489129,0.756679,0.700488,0.723467,0.583267,1.0882,0.846945,0.669243,0.458597,1.0251,1.12259,0.920563,1.5018,0.897076,1.11906,0.760264,0.802791,0.857957,0.814226,0.738224,0.934467
0.669401,0.74426,0.587616,0.621331,1.33013,0.867551,0.696057,0.483427,0.760961,0.696487,0.717209,0.581349,1.08809,0.837187,0.670547,0.45636,1.01754,1.1134,0.903151,1.51883,0.883015,1.10331,0.748562,0.798271,0.870613,0.82141,0.735776,0.928422
0.666123,0.739964,0.579301,0.612968,1.34988,0.861386,0.699536,0.478404,0.755387,0.691398,0.718279,0.574048,1.07883,0.824931,0.667053,0.447991,1.01492,1.08667,0.909499,1.51737,0.869718,1.0985,0.758189,0.791721,0.871286,0.822061,0.739761,0.932748
0.65199,0.729329,0.570451,0.599193,1.35342,0.867499,0.700419,0.472752,0.756515,0.680066,0.721989,0.570282,1.07619,0.815445,0.661884,0.442194,1.01804,1.07306,0.89366,1.5132,0.876842,1.11999,0.752191,0.805824,0.888199,0.818098,0.727507,0.930072
0.643079,0.716282,0.565461,0.587173,1.36639,0.858436,0.694073,0.470536,0.749142,0.673335,0.721306,0.557464,1.06028,0.807228,0.651563,0.436797,1.01024,1.08497,0.897012,1.50606,0.860446,1.12184,0.753643,0.797337,0.888971,0.811748,0.726357,0.939472
0.642624,0.707572,0.560151,0.581041,1.34207,0.860078,0.691332,0.470307,0.75203,0.666206,0.714572,0.554695,1.05776,0.823205,0.643085,0.432003,1.00979,1.08612,0.881578,1.49378,0.879822,1.12458,0.756607,0.791539,0.882846,0.796004,0.723543,0.950756
0.636607,0.719665,0.549644,0.569308,1.3309,0.856423,0.677977,0.463765,0.754242,0.669693,0.701832,0.544475,1.04634,0.823025,0.650647,0.435469,0.996775,1.08679,0.862177,1.51307,0.89607,1.1593,0.755279,0.784655,0.891722,0.780495,0.717011,0.951394
0.625859,0.705306,0.543299,0.561374,1.31522,0.848655,0.662369,0.45694,0.745339,0.658226,0.690792,0.54262,1.03443,0.808434,0.649132,0.434174,1.00306,1.06903,0.859344,1.5461,0.897305,1.1612,0.74836,0.781541,0.878799,0.771275,0.716158,0.941382
0.616262,0.705056,0.53781,0.553833,1.33321,0.857594,0.661932,0.45389,0.75417,0.663081,0.695147,0.540451,1.03753,0.802322,0.637857,0.432124,0.990964,1.06474,0.866231,1.56239,0.911259,1.18462,0.746922,0.803924,0.863914,0.766056,0.722502,0.933761
0.60801,0.707217,0.533685,0.544824,1.31288,0.848546,0.674952,0.465318,0.742245,0.667978,0.69087,0.535127,1.0381,0.804316,0.626679,0.427733,0.999049,1.04032,0.892312,1.57244,0.922512,1.18354,0.760099,0.817069,0.861196,0.77237,0.736306,0.933095
0.598898,0.702131,0.528505,0.536098,1.31194,0.836661,0.674078,0.45868,0.727725,0.681992,0.687308,0.535229,1.03038,0.804401,0.622953,0.422658,1.02896,1.03029,0.876255,1.59037,0.91342,1.20973,0.758706,0.816271,0.865942,0.75936,0.736638,0.928105
0.591097,0.687438,0.519669,0.529812,1.3357,0.823428,0.672269,0.450739,0.721505,0.67714,0.682798,0.528652,1.01105,0.80462,0.631491,0.415173,1.01373,1.0245,0.893556,1.57778,0.912921,1.20462,0.753209,0.806044,0.8586,0.745042,0.738113,0.916056
0.588788,0.682779,0.514019,0.519861,1.32589,0.806327,0.660328,0.443773,0.709693,0.680836,0.695253,0.520024,0.997793,0.804344,0.635172,0.41441,1.00742,1.04298,0.90049,1.57427,0.892589,1.18535,0.740311,0.809214,0.867172,0.738733,0.746598,0.914148
0.593504,0.678949,0.51159,0.507412,1.30644,0.82494,0.649183,0.44592,0.707913,0.673513,0.685047,0.511302,0.991476,0.823646,0.64201,0.409172,1.0267,1.05356,0.902838,1.55618,0.911619,1.19194,0.748657,0.808026,0.858426,0.733744,0.732696,0.932067
0.590571,0.669279,0.510385,0.499918,1.30809,0.814868,0.645467,0.44097,0.69157,0.67097,0.683247,0.504119,0.999914,0.830365,0.636401,0.401915,1.02334,1.0501,0.920016,1.52468,0.89909,1.19243,0.735591,0.796236,0.864573,0.738352,0.726474,0.932616
0.581463,0.666517,0.516614,0.494224,1.31055,0.804462,0.642305,0.443483,0.678467,0.672916,0.689215,0.503708,1.00827,0.812585,0.63462,0.395039,1.02496,1.02974,0.92451,1.48801,0.90838,1.1877,0.745449,0.793074,0.88631,0.736714,0.728293,0.930675
0.580841,0.655392,0.516097,0.491361,1.30883,0.787767,0.642661,0.435186,0.666182,0.666606,0.681727,0.495052,1.0024,0.806279,0.636551,0.398865,1.02688,1.02912,0.912611,1.48611,0.903028,1.18496,0.745718,0.794711,0.896717,0.749096,0.729372,0.944134
0.575291,0.648809,0.51149,0.48665,1.30974,0.787299,0.631987,0.430839,0.65296,0.655846,0.675539,0.487765,1.00342,0.800868,0.659606,0.392403,1.02494,1.03693,0.906485,1.48485,0.906643,1.2017,0.734442,0.792889,0.889037,0.753623,0.731868,0.939735
0.579102,0.639827,0.512546,0.474571,1.30346,0.782622,0.619005,0.431572,0.650523,0.656534,0.691112,0.491478,0.999982,0.801956,0.659381,0.385278,1.05012,1.02656,0.895025,1.50753,0.914912,1.18957,0.731426,0.792753,0.897354,0.748508,0.723052,0.943666
0.581605,0.626127,0.510635,0.473091,1.32235,0.771889,0.628008,0.421769,0.640452,0.65164,0.685535,0.490393,0.985258,0.789712,0.662219,0.380637,1.03501,1.02125,0.902539,1.49494,0.914798,1.17087,0.731454,0.787184,0.917564,0.743824,0.728169,0.946297
0.577846,0.619103,0.504675,0.474373,1.33189,0.764449,0.61651,0.415341,0.645348,0.649091,0.703035,0.480686,0.988164,0.77413,0.661114,0.37901,1.04277,1.02584,0.898065,1.47011,0.929568,1.20999,0.735583,0.774849,0.906905,0.747241,0.735451,0.941943
0.568378,0.615822,0.49848,0.473257,1.33623,0.756706,0.6113,0.411772,0.639007,0.649189,0.69836,0.472057,0.97104,0.76383,0.664926,0.381133,1.03915,1.02833,0.893557,1.45292,0.914049,1.217,0.726629,0.762327,0.890568,0.734965,0.729524,0.941312
0.556562,0.601483,0.491375,0.467472,1.34758,0.739401,0.601991,0.405228,0.630211,0.643031,0.699109,0.461731,0.973562,0.758428,0.662625,0.379231,1.03701,1.01968,0.886587,1.44565,0.914814,1.22072,0.723794,0.760539,0.8849,0.733887,0.718475,0.935459
0.554566,0.589809,0.49277,0.463328,1.33485,0.739684,0.598808,0.399719,0.637262,0.633023,0.68767,0.451244,0.991806,0.766608,0.670591,0.376598,1.04676,1.01296,0.879112,1.43789,0.917484,1.22524,0.718523,0.74989,0.882496,0.750099,0.705907,0.947036
0.552554,0.588192,0.484851,0.462615,1.32819,0.723255,0.600366,0.401987,0.637834,0.630194,0.681256,0.444734,0.988491,0.764195,0.669041,0.383779,1.04517,1.01225,0.900428,1.44971,0.898483,1.22056,0.708858,0.744823,0.887424,0.736292,0.713826,0.936229
0.541792,0.576516,0.472717,0.458182,1.34738,0.709935,0.589496,0.395559,0.636176,0.634361,0.682614,0.435965,1.00863,0.788923,0.661999,0.386718,1.06719,1.03972,0.90814,1.47923,0.890624,1.21284,0.695148,0.782254,0.892267,0.737311,0.715577,0.936009
0.536363,0.567906,0.468583,0.455152,1.36613,0.712932,0.590248,0.388943,0.629058,0.628546,0.666336,0.427761,1.00303,0.783559,0.659374,0.381922,1.08336,1.0478,0.894715,1.48587,0.888168,1.19686,0.691101,0.802088,0.898282,0.729643,0.71151,0.926398
0.526636,0.560278,0.46961,0.448695,1.35376,0.71445,0.587856,0.392438,0.617614,0.64304,0.672108,0.419918,0.999695,0.789411,0.657991,0.383514,1.07025,1.04844,0.897264,1.4919,0.896696,1.18658,0.691393,0.810855,0.893158,0.73805,0.700812,0.933961
0.518427,0.54894,0.470163,0.441366,1.33733,0.705005,0.580374,0.394827,0.606745,0.648014,0.674458,0.409088,1.00059,0.785925,0.661574,0.377302,1.063,1.03098,0.901163,1.49086,0.908332,1.16816,0.683537,0.818981,0.888357,0.742391,0.691562,0.93592
0.518581,0.54602,0.468963,0.433533,1.31574,0.700947,0.574368,0.392001,0.603176,0.654685,0.670832,0.40021,1.01783,0.78673,0.665433,0.376189,1.05385,1.01748,0.892962,1.46841,0.919858,1.15422,0.684486,0.814841,0.885058,0.737443,0.694474,0.942203
0.511619,0.538695,0.465162,0.43949,1.31491,0.69582,0.571636,0.387188,0.597195,0.647293,0.668886,0.393773,1.01342,0.796311,0.666635,0.373341,1.05622,1.01661,0.889101,1.46852,0.908124,1.13149,0.690077,0.825468,0.899566,0.749164,0.693434,0.954678
0.501216,0.533583,0.464189,0.434009,1.3207,0.720323,0.572059,0.379328,0.591973,0.655862,0.662156,0.386979,1.00442,0.815488,0.682874,0.369063,1.09994,1.02071,0.878798,1.46341,0.912965,1.11914,0.676512,0.832057,0.909032,0.745504,0.686313,0.979755
0.497313,0.532197,0.459784,0.432464,1.32432,0.717857,0.566359,0.374257,0.585218,0.646835,0.656967,0.381811,1.00739,0.80444,0.691462,0.364702,1.11912,1.01975,0.864298,1.44559,0.904219,1.13403,0.670425,0.845916,0.915678,0.752005,0.68474,0.987542
0.498378,0.524746,0.459329,0.427463,1.31349,0.71296,0.560878,0.369631,0.580195,0.640522,0.653567,0.375223,0.994048,0.795811,0.686415,0.36508,1.11869,1.03166,0.888665,1.4283,0.928288,1.12887,0.662586,0.855893,0.913197,0.750512,0.680957,1.00165
0.492132,0.516685,0.460567,0.419468,1.29852,0.726786,0.557393,0.364226,0.575738,0.639809,0.663934,0.37533,0.996675,0.804808,0.716627,0.359833,1.15919,1.03246,0.888908,1.446,0.934614,1.12983,0.655341,0.877608,0.925257,0.745682,0.686016,1.02436
0.496554,0.523081,0.45941,0.416879,1.31983,0.724819,0.555226,0.365686,0.580334,0.639144,0.654675,0.373164,1.00195,0.800228,0.714966,0.356196,1.16554,1.06158,0.897392,1.44849,0.94206,1.11746,0.651058,0.865066,0.925462,0.762154,0.709785,1.01104
0.488342,0.52364,0.456833,0.412336,1.31939,0.73233,0.550938,0.362715,0.598738,0.656185,0.649484,0.365137,0.994352,0.7875,0.713179,0.359994,1.15842,1.0577,0.889032,1.42391,0.925376,1.1054,0.648678,0.855391,0.904214,0.75122,0.699647,1.01443
0.479162,0.512692,0.45281,0.407718,1.3058,0.727253,0.549203,0.360109,0.603505,0.655484,0.634295,0.356735,0.979992,0.777584,0.717443,0.357107,1.14504,1.05463,0.897631,1.41569,0.917887,1.10765,0.657971,0.86277,0.916558,0.743296,0.684438,1.00458
0.469773,0.510194,0.444683,0.399565,1.30021,0.724665,0.54908,0.363582,0.600185,0.645212,0.635041,0.350667,0.990488,0.789359,0.708918,0.358648,1.13337,1.04435,0.886685,1.40846,0.908507,1.11354,0.64845,0.887774,0.931459,0.738591,0.680434,0.999538
0.467149,0.505212,0.443561,0.400558,1.29434,0.743116,0.557745,0.362013,0.591698,0.638748,0.630968,0.342804,0.990033,0.779343,0.720008,0.353379,1.12929,1.03632,0.880157,1.40287,0.913682,1.12291,0.647808,0.91155,0.940189,0.73642,0.689889,1.0034
0.458905,0.493759,0.438969,0.401945,1.27452,0.732561,0.551439,0.359903,0.587462,0.652413,0.619379,0.340241,0.992098,0.773703,0.721226,0.350592,1.13487,1.01866,0.874691,1.40278,0.930113,1.14397,0.656241,0.907375,0.924958,0.738487,0.686626,1.00124
0.449406,0.482139,0.442324,0.398426,1.25826,0.727431,0.54587,0.360803,0.580851,0.649678,0.614552,0.337479,1.00262,0.782329,0.715207,0.350724,1.14089,1.00976,0.873861,1.37168,0.924395,1.14036,0.666221,0.908483,0.920231,0.742323,0.683221,1.00156
0.443682,0.478883,0.448572,0.408536,1.28193,0.730902,0.539771,0.35717,0.578681,0.651896,0.613661,0.331392,1.01247,0.783851,0.71095,0.344328,1.13816,0.993858,0.870614,1.37954,0.936366,1.18865,0.654114,0.90227,0.917154,0.74523,0.673888,1.02117
0.437495,0.471003,0.448657,0.409274,1.27387,0.740541,0.53896,0.355793,0.566809,0.650137,0.618475,0.325714,1.00164,0.777184,0.754847,0.344219,1.13392,1.01448,0.880469,1.37746,0.928304,1.17601,0.645412,0.908836,0.91499,0.736935,0.669495,1.0353
0.432424,0.469314,0.439816,0.403139,1.26853,0.749323,0.532394,0.357213,0.563597,0.64534,0.62672,0.320976,1.00798,0.776802,0.763541,0.342233,1.12225,1.00875,0.871963,1.37888,0.913315,1.15689,0.646245,0.903672,0.92993,0.734003,0.676086,1.0389
0.428227,0.463948,0.443281,0.406643,1.24563,0.740794,0.541695,0.352579,0.563652,0.655755,0.631836,0.314383,1.02102,0.770752,0.752993,0.338752,1.11578,0.991726,0.875275,1.35586,0.910779,1.15945,0.63309,0.905504,0.919497,0.728922,0.668025,1.05086
0.428134,0.458386,0.439592,0.403032,1.23873,0.731663,0.534831,0.345855,0.559708,0.655744,0.628586,0.311618,1.0375,0.756178,0.772456,0.335396,1.11698,0.978185,0.868007,1.36569,0.916926,1.15089,0.626115,0.912475,0.910278,0.739326,0.670543,1.05669
0.43642,0.457582,0.434491,0.405277,1.22365,0.727349,0.531584,0.341206,0.567531,0.656307,0.614852,0.306973,1.04858,0.758177,0.772038,0.337168,1.11189,0.979114,0.878769,1.34676,0.90805,1.15985,0.620705,0.909848,0.904771,0.734293,0.672799,1.04986
0.429458,0.450984,0.446815,0.405936,1.20583,0.729981,0.521476,0.338547,0.556645,0.652295,0.606828,0.309219,1.04074,0.751278,0.758236,0.33327,1.11149,0.968492,0.877525,1.35974,0.896096,1.15384,0.619608,0.907916,0.890052,0.733386,0.675771,1.06913
0.424524,0.441887,0.437291,0.403188,1.23324,0.719604,0.517729,0.337005,0.552565,0.656098,0.605986,0.302676,1.05203,0.749326,0.763691,0.332851,1.10752,0.960548,0.879918,1.35404,0.886143,1.16853,0.611337,0.910815,0.877701,0.732333,0.6695,1.06241
0.421125,0.43686,0.431944,0.399127,1.22373,0.710253,0.521783,0.332558,0.557718,0.663645,0.596003,0.29735,1.0576,0.742564,0.771488,0.332641,1.09362,0.961792,0.865845,1.37075,0.882916,1.18559,0.607079,0.904324,0.87684,0.72534,0.682745,1.06656
0.415949,0.432747,0.426095,0.390972,1.23133,0.702324,0.527212,0.330427,0.54799,0.661879,0.584347,0.290667,1.04793,0.751635,0.770251,0.337092,1.09211,0.953437,0.864649,1.39551,0.878116,1.18756,0.601454,0.903834,0.874963,0.714408,0.678379,1.0841
0.410507,0.43075,0.417822,0.389139,1.22996,0.700188,0.52541,0.322682,0.544729,0.659534,0.59041,0.287069,1.0375,0.738789,0.758405,0.336713,1.10683,0.939063,0.873226,1.39637,0.863827,1.18071,0.600397,0.896335,0.861038,0.73035,0.674285,1.08423
0.406703,0.425474,0.41665,0.388911,1.25405,0.704775,0.517901,0.317757,0.536054,0.658164,0.593682,0.285407,1.06482,0.730005,0.759847,0.332997,1.10973,0.9336,0.886639,1.39776,0.873136,1.16878,0.601702,0.896513,0.863816,0.725118,0.666328,1.07034
0.400789,0.417058,0.420801,0.387749,1.25303,0.715418,0.519155,0.31348,0.54128,0.64856,0.58643,0.278493,1.06293,0.719885,0.755113,0.33634,1.09082,0.922408,0.877722,1.39103,0.875301,1.17931,0.608012,0.885516,0.872502,0.720169,0.680725,1.07108
0.392486,0.41351,0.416287,0.384217,1.23616,0.708425,0.509644,0.307932,0.536896,0.637606,0.585157,0.274664,1.06968,0.71702,0.759346,0.332242,1.07986,0.918845,0.873641,1.36357,0.867292,1.16039,0.602751,0.87798,0.868892,0.722662,0.684915,1.07121
0.386722,0.408185,0.416023,0.379871,1.22719,0.716328,0.501563,0.304441,0.52855,0.624109,0.603083,0.269092,1.0748,0.706605,0.760274,0.329705,1.08242,0.901991,0.871161,1.37967,0.875884,1.14866,0.600168,0.880366,0.868217,0.726647,0.686443,1.07264
0.380325,0.400477,0.413577,0.377139,1.21648,0.71159,0.49845,0.306391,0.527768,0.615138,0.608991,0.262523,1.07357,0.705362,0.778357,0.337385,1.07061,0.908202,0.86347,1.42313,0.881201,1.15469,0.588584,0.888319,0.869639,0.733019,0.687756,1.07023
0.373623,0.396659,0.403666,0.375084,1.22491,0.724471,0.490015,0.309137,0.528382,0.601021,0.608578,0.257033,1.07146,0.712661,0.779755,0.337744,1.06121,0.901142,0.860974,1.42969,0.877382,1.16726,0.583305,0.902626,0.883968,0.742823,0.703044,1.10881
0.365976,0.388001,0.402927,0.374809,1.21227,0.715846,0.495749,0.306172,0.528073,0.599851,0.614926,0.252891,1.07003,0.723668,0.778667,0.333716,1.05334,0.914023,0.886393,1.41017,0.877015,1.17344,0.582452,0.884904,0.897343,0.755864,0.703446,1.11162
0.35795,0.384335,0.405774,0.374405,1.19965,0.70563,0.496894,0.299279,0.522087,0.602295,0.610752,0.248619,1.05455,0.714044,0.785533,0.332754,1.05019,0.902208,0.891053,1.38954,0.872784,1.16581,0.582033,0.895938,0.896897,0.763812,0.702697,1.10849
0.356008,0.378978,0.402615,0.370344,1.17727,0.691843,0.494195,0.294348,0.517798,0.596856,0.611827,0.246316,1.05106,0.716364,0.790779,0.330214,1.0758,0.903389,0.891005,1.36897,0.866727,1.17927,0.583427,0.887216,0.892181,0.767902,0.711865,1.09952
0.34938,0.376049,0.401319,0.371601,1.16004,0.681499,0.493139,0.294119,0.513568,0.591876,0.617126,0.239933,1.04736,0.713103,0.79894,0.332973,1.11363,0.885949,0.885809,1.34911,0.880957,1.17533,0.579754,0.876648,0.879868,0.757917,0.7105,1.09011
0.348821,0.375796,0.393265,0.37031,1.16851,0.6665,0.489956,0.295137,0.519298,0.58674,0.625444,0.23668,1.04518,0.704553,0.806253,0.334281,1.13686,0.879175,0.882284,1.34222,0.87756,1.1609,0.5791,0.863144,0.888802,0.778909,0.702485,1.10754
0.347949,0.371305,0.389776,0.370736,1.16201,0.657608,0.480472,0.295388,0.519451,0.587143,0.622496,0.233475,1.05659,0.695796,0.803789,0.330529,1.15426,0.871178,0.869275,1.34161,0.876619,1.14996,0.576264,0.85193,0.890748,0.768311,0.698281,1.10539
0.343806,0.36741,0.392132,0.375561,1.14927,0.654659,0.472146,0.289204,0.515587,0.58276,0.630203,0.23022,1.03825,0.689838,0.802951,0.324917,1.1656,0.868517,0.855104,1.34109,0.879091,1.1469,0.597389,0.881246,0.900943,0.757539,0.699363,1.09513
0.337336,0.361277,0.386097,0.373631,1.1403,0.648562,0.467479,0.283856,0.509615,0.587506,0.626491,0.226669,1.03377,0.694151,0.792983,0.330056,1.16645,0.865969,0.861013,1.32749,0.886867,1.14169,0.595763,0.880351,0.895755,0.753049,0.692845,1.10778
0.335762,0.365682,0.383857,0.375359,1.14489,0.648377,0.470726,0.287451,0.511485,0.578235,0.61864,0.223833,1.03345,0.685142,0.801922,0.32552,1.1674,0.852446,0.857731,1.34872,0.885178,1.13667,0.596019,0.891171,0.902082,0.75877,0.697139,1.10905
0.33272,0.362866,0.384948,0.377875,1.14135,0.64026,0.477727,0.284187,0.505012,0.572362,0.617296,0.220029,1.04165,0.67943,0.799007,0.324449,1.15292,0.851949,0.856169,1.37826,0.873652,1.15192,0.610188,0.87148,0.899665,0.763906,0.684638,1.10144
0.328331,0.36171,0.381347,0.370964,1.13609,0.632444,0.48014,0.28136,0.500652,0.578875,0.618095,0.216061,1.02318,0.668848,0.832424,0.317164,1.13723,0.850591,0.863257,1.38482,0.870235,1.12519,0.609818,0.887741,0.894951,0.767037,0.68052,1.0878
0.324781,0.362441,0.377011,0.366348,1.15604,0.625047,0.470678,0.275767,0.502156,0.573079,0.613066,0.212063,1.01202,0.672751,0.838065,0.316519,1.13242,0.854096,0.86043,1.38563,0.872851,1.11292,0.60552,0.900937,0.895038,0.76288,0.677104,1.07209
0.319167,0.369032,0.378532,0.360951,1.14416,0.616503,0.474765,0.276128,0.498635,0.56466,0.607968,0.21173,1.00339,0.6736,0.860097,0.325393,1.13006,0.854248,0.866386,1.38224,0.869199,1.11535,0.604442,0.890905,0.881181,0.760877,0.669899,1.07031
0.319296,0.372042,0.379825,0.357245,1.14347,0.613382,0.476933,0.27334,0.486452,0.56615,0.60322,0.206623,0.998788,0.682546,0.871948,0.31951,1.14391,0.852161,0.864384,1.36618,0.86935,1.10167,0.598703,0.882204,0.893868,0.767231,0.674752,1.06463
0.316828,0.372642,0.376312,0.349165,1.14771,0.603578,0.471218,0.269441,0.480382,0.56125,0.611279,0.202575,0.983271,0.685206,0.89604,0.315536,1.1325,0.854044,0.864783,1.34784,0.90386,1.09366,0.5972,0.89593,0.893093,0.77242,0.698518,1.07391
0.315846,0.372451,0.373566,0.343559,1.13005,0.602572,0.46653,0.27037,0.478323,0.554371,0.612766,0.197429,0.994821,0.679367,0.896262,0.312621,1.13446,0.867953,0.856099,1.32918,0.890546,1.09293,0.592739,0.88101,0.89114,0.784773,0.689776,1.05662
0.317011,0.367261,0.372963,0.347841,1.13258,0.605503,0.468276,0.269241,0.473297,0.563521,0.618274,0.192165,0.994423,0.671329,0.922567,0.30976,1.11652,0.870492,0.843022,1.34069,0.900068,1.11785,0.600689,0.881311,0.915453,0.772162,0.682449,1.05767
0.313506,0.363907,0.367136,0.346779,1.11207,0.608285,0.465648,0.264511,0.473215,0.557813,0.617669,0.186762,1.00812,0.670448,0.938228,0.307872,1.13726,0.901305,0.831326,1.34077,0.891143,1.09522,0.600261,0.911655,0.907458,0.767205,0.675437,1.05387
0.310079,0.357912,0.362918,0.340245,1.09942,0.612999,0.464588,0.263536,0.469513,0.560372,0.6139,0.183524,1.01053,0.658314,0.949784,0.306439,1.12769,0.925099,0.827307,1.35291,0.890983,1.08249,0.609187,0.914227,0.918265,0.775209,0.670154,1.06469
0.30557,0.359276,0.36105,0.338475,1.09413,0.611785,0.467545,0.25867,0.477327,0.55285,0.605689,0.181011,1.00794,0.654195,0.95095,0.306592,1.13456,0.934874,0.836121,1.35335,0.904557,1.08919,0.61144,0.900388,0.917849,0.763217,0.674464,1.04995
0.299506,0.361335,0.359295,0.337287,1.09422,0.602877,0.465068,0.257399,0.472097,0.545713,0.60228,0.179143,1.01754,0.639493,0.951113,0.305295,1.13131,0.943535,0.828218,1.34741,0.897418,1.07216,0.609992,0.908314,0.922361,0.75669,0.681685,1.04764
0.29457,0.363769,0.358128,0.338899,1.08468,0.59547,0.46,0.253261,0.474448,0.544226,0.607839,0.180707,1.01428,0.629798,0.980266,0.306379,1.13057,0.948068,0.836078,1.34842,0.900078,1.06569,0.615798,0.926929,0.921224,0.764402,0.674208,1.06078
0.293219,0.357383,0.35504,0.337227,1.05971,0.582877,0.466201,0.248141,0.472586,0.538636,0.596761,0.177619,1.01169,0.62798,0.977716,0.305424,1.12599,0.972003,0.827866,1.36464,0.911929,1.05084,0.618013,0.939451,0.914646,0.7566,0.66565,1.05282
0.288046,0.359483,0.358216,0.334831,1.04594,0.579554,0.461472,0.250288,0.468205,0.534638,0.601065,0.173694,1.011,0.639956,0.995803,0.303223,1.12096,0.966166,0.822177,1.38175,0.917912,1.05285,0.622163,0.938209,0.918053,0.746981,0.663116,1.04266
0.286275,0.363494,0.372056,0.338009,1.05002,0.576943,0.464173,0.246009,0.462636,0.534987,0.610429,0.169426,1.01038,0.646216,0.989135,0.297556,1.13015,0.966651,0.830019,1.36804,0.926689,1.05499,0.625779,0.938933,0.923612,0.759391,0.661193,1.05605
0.284089,0.356185,0.372716,0.339398,1.0332,0.572099,0.465017,0.242809,0.464509,0.52844,0.631328,0.166123,0.989148,0.656509,0.978229,0.294684,1.14672,0.953787,0.82297,1.38111,0.947619,1.07463,0.636982,0.94313,0.923652,0.766116,0.653793,1.06484
0.284478,0.348967,0.370448,0.342984,1.02491,0.585108,0.464721,0.23897,0.461795,0.540052,0.622567,0.166961,0.972209,0.657243,0.970411,0.288194,1.13031,0.95211,0.829123,1.3848,0.924484,1.05312,0.629472,0.929803,0.91349,0.768514,0.644654,1.08008
0.282494,0.343708,0.368372,0.33697,1.01258,0.59314,0.459939,0.237843,0.45917,0.547049,0.621451,0.163373,0.958755,0.655431,0.967815,0.287111,1.11579,0.959267,0.828149,1.37135,0.921248,1.05123,0.646197,0.929317,0.909241,0.750803,0.644849,1.06854
0.280108,0.339135,0.36463,0.333531,1.02354,0.588889,0.460925,0.233239,0.458355,0.538154,0.630573,0.15968,0.960413,0.649622,0.960534,0.281231,1.11644,0.966986,0.851401,1.34913,0.913914,1.04732,0.667819,0.918871,0.892237,0.75786,0.634233,1.05024
0.275123,0.335639,0.366237,0.332113,1.00222,0.584926,0.457474,0.235211,0.453037,0.549592,0.619292,0.156915,0.95458,0.651152,0.953724,0.276736,1.10326,0.971368,0.859726,1.38875,0.916837,1.04513,0.663484,0.950766,0.900972,0.753545,0.628029,1.04155
0.271734,0.328931,0.368641,0.337245,0.991692,0.598059,0.462743,0.232463,0.451639,0.544265,0.612854,0.153689,0.942474,0.647282,0.940791,0.272099,1.1103,0.971556,0.857523,1.39335,0.925657,1.03391,0.646861,0.934852,0.891548,0.768602,0.622571,1.03427
0.27227,0.32509,0.365621,0.332305,0.985282,0.587751,0.463207,0.231542,0.452672,0.540093,0.623465,0.149679,0.934713,0.651953,0.927079,0.272162,1.09992,0.974095,0.850281,1.38748,0.956886,1.03687,0.648874,0.947029,0.910377,0.79315,0.608913,1.01942
0.275906,0.324107,0.3684,0.329243,0.982439,0.58269,0.465581,0.231605,0.446497,0.527556,0.627315,0.146371,0.931721,0.652677,0.954274,0.27217,1.10001,0.955328,0.843943,1.38223,0.955674,1.02467,0.654867,0.935441,0.899421,0.7787,0.597782,1.00372
0.269886,0.323941,0.363932,0.32813,0.980632,0.581365,0.462778,0.23562,0.444239,0.522039,0.626196,0.143542,0.914979,0.651615,0.960459,0.273628,1.09385,0.95454,0.848285,1.38605,0.939047,1.00519,0.652663,0.937443,0.889506,0.773724,0.587842,0.993088
0.263943,0.329359,0.365307,0.329104,0.966994,0.583042,0.463804,0.234861,0.441984,0.520863,0.620299,0.141818,0.909379,0.659454,0.959044,0.270201,1.11217,0.948296,0.850906,1.42351,0.942985,0.987722,0.651827,0.942155,0.890836,0.77063,0.579431,0.993422
0.259258,0.326587,0.367818,0.329541,0.957571,0.570502,0.459261,0.230447,0.435683,0.521277,0.614897,0.142992,0.927955,0.657917,0.983922,0.267415,1.1073,0.937557,0.854581,1.43996,0.944415,0.97393,0.648415,0.933587,0.878036,0.771704,0.589301,1.0052
0.255233,0.322784,0.363278,0.326824,0.948705,0.562117,0.451485,0.228539,0.432679,0.531031,0.619181,0.140438,0.923242,0.672923,0.995831,0.261792,1.10307,0.928206,0.870052,1.43837,0.952484,0.970076,0.661547,0.921985,0.882259,0.780149,0.591535,0.984622
0.251084,0.331159,0.368614,0.332539,0.943808,0.555064,0.447447,0.229515,0.429512,0.53013,0.608743,0.137006,0.945378,0.669566,0.983418,0.25986,1.09655,0.925947,0.855121,1.42052,0.949655,0.977783,0.646976,0.917255,0.868364,0.801645,0.582722,0.977105
0.248229,0.329705,0.368758,0.328106,0.931753,0.573537,0.449262,0.229955,0.428407,0.525009,0.616089,0.135043,0.940289,0.655109,0.976271,0.25679,1.09459,0.921282,0.864891,1.42603,0.942646,0.971097,0.649354,0.908584,0.846664,0.799702,0.585018,0.959448
0.247971,0.330589,0.374093,0.324019,0.91648,0.575391,0.44508,0.229207,0.427926,0.5167,0.61393,0.132863,0.939961,0.656808,0.975815,0.255083,1.10812,0.922697,0.851305,1.46163,0.942186,0.953604,0.650049,0.903101,0.84252,0.839365,0.581274,0.958684
0.248284,0.331113,0.376686,0.321955,0.902687,0.562617,0.438832,0.227373,0.428702,0.5226,0.616405,0.13116,0.959583,0.654335,0.951997,0.249181,1.09552,0.944901,0.847529,1.45491,0.932076,0.947267,0.663122,0.912616,0.845041,0.854806,0.578932,0.946476
0.246794,0.331553,0.380327,0.325977,0.899902,0.558023,0.434212,0.226473,0.427643,0.539094,0.618724,0.129418,0.976821,0.662502,0.962962,0.247042,1.08694,0.927738,0.843803,1.42707,0.911003,0.933556,0.655886,0.916243,0.84087,0.888016,0.575699,0.949481
0.24414,0.32992,0.385804,0.331918,0.886631,0.551239,0.430052,0.227447,0.425232,0.532435,0.616405,0.128678,0.984407,0.664645,0.975355,0.243998,1.07441,0.909323,0.835899,1.43074,0.895067,0.927441,0.65008,0.916722,0.831757,0.924079,0.579473,0.967393
0.242073,0.330215,0.38785,0.333919,0.878765,0.542961,0.430335,0.227437,0.426037,0.530025,0.624262,0.12587,1.00493,0.656421,0.966264,0.241407,1.07505,0.916036,0.8383,1.42518,0.877347,0.926761,0.639882,0.900771,0.831335,0.941743,0.571545,0.976732
0.23945,0.329905,0.386996,0.332823,0.856441,0.535145,0.430511,0.225262,0.420931,0.527191,0.618752,0.124497,1.03817,0.66185,0.976076,0.245575,1.0702,0.91131,0.83899,1.39756,0.88391,0.922964,0.637259,0.900297,0.816438,0.947986,0.566861,0.994572
0.23797,0.335934,0.388631,0.328757,0.871206,0.524897,0.425828,0.224248,0.413052,0.522867,0.611723,0.122887,1.02447,0.659546,0.964582,0.2426,1.07146,0.948775,0.83869,1.38739,0.87918,0.905972,0.646377,0.893896,0.808521,0.95028,0.581751,1.00054
0.233219,0.335517,0.389349,0.329859,0.8631,0.520625,0.431141,0.225702,0.409691,0.521352,0.619596,0.120619,1.04023,0.688467,0.971502,0.245949,1.05034,0.958509,0.834624,1.38523,0.889951,0.900009,0.644883,0.89592,0.820061,0.936072,0.583587,1.01611
0.229682,0.33537,0.39118,0.326259,0.85285,0.518284,0.434792,0.225874,0.410134,0.522724,0.622462,0.118143,1.03727,0.687491,0.97039,0.242249,1.04813,0.96061,0.822032,1.359,0.882165,0.88755,0.637161,0.888251,0.812512,0.94445,0.581909,1.01445
0.227156,0.340781,0.384705,0.324169,0.848691,0.517877,0.431624,0.227824,0.405773,0.523235,0.624945,0.116068,1.02773,0.704497,0.977865,0.238801,1.03182,0.964896,0.807692,1.33363,0.879647,0.874537,0.630238,0.890105,0.801436,0.956652,0.578726,0.994283
0.225953,0.336947,0.390169,0.327569,0.843008,0.511516,0.427305,0.229992,0.407055,0.515819,0.62925,0.114845,1.00801,0.711209,0.962765,0.235427,1.02773,0.983512,0.814567,1.31399,0.864464,0.872466,0.627649,0.875089,0.79761,0.953234,0.576299,0.986243
0.221256,0.335807,0.390671,0.322566,0.855731,0.517573,0.419029,0.228359,0.403755,0.511537,0.619022,0.113055,0.994661,0.706034,0.955859,0.230405,1.02735,0.969983,0.810667,1.30327,0.850024,0.879341,0.618762,0.864382,0.804543,0.947716,0.567189,0.988857
0.221562,0.333815,0.382819,0.316771,0.848004,0.510338,0.415651,0.224741,0.418843,0.507477,0.608152,0.110514,0.985532,0.702561,0.947228,0.228705,1.01564,0.979051,0.813395,1.29092,0.843831,0.874423,0.624223,0.85747,0.816591,0.933535,0.578768,0.973096
0.219431,0.331814,0.37958,0.320009,0.840007,0.500458,0.413654,0.222618,0.409912,0.501091,0.596471,0.107741,0.993918,0.70178,0.92638,0.224976,1.00942,0.98491,0.814901,1.31165,0.870129,0.866143,0.618197,0.879698,0.826184,0.960089,0.57212,0.967635
0.214646,0.331041,0.372409,0.318441,0.837165,0.49853,0.414721,0.22298,0.403414,0.495134,0.584293,0.106073,0.996416,0.698781,0.920017,0.222787,0.990903,0.987127,0.798388,1.301,0.881316,0.858022,0.622938,0.867338,0.825586,0.964404,0.572508,0.955918
0.212768,0.328142,0.36593,0.313269,0.829279,0.496052,0.41565,0.223061,0.399587,0.498628,0.577989,0.104196,0.990095,0.68947,0.919389,0.220105,0.980825,0.997283,0.794089,1.28846,0.882713,0.847477,0.622336,0.855686,0.818519,0.945192,0.577704,0.963835
0.216078,0.331665,0.368699,0.316159,0.829692,0.49659,0.419739,0.22387,0.394022,0.494008,0.580468,0.102823,0.987651,0.679078,0.917205,0.216792,0.976663,0.99793,0.797196,1.28574,0.88357,0.849371,0.631986,0.859762,0.803098,0.946862,0.565422,0.952388
0.21614,0.32927,0.365603,0.315442,0.84316,0.508874,0.410802,0.222839,0.388963,0.501282,0.579425,0.100786,0.97751,0.686662,0.901386,0.214282,0.96778,0.985673,0.824852,1.29106,0.900766,0.838412,0.623403,0.851006,0.820392,0.940972,0.571568,0.945334
0.215704,0.32717,0.363777,0.31011,0.846101,0.50885,0.403695,0.224623,0.383521,0.495197,0.585786,0.0996417,0.970668,0.692139,0.899977,0.211806,0.983615,0.982086,0.830228,1.27384,0.884084,0.835136,0.624769,0.853889,0.820914,0.931409,0.561905,0.960479
0.218261,0.325514,0.369982,0.309289,0.848624,0.49996,0.399163,0.221175,0.380851,0.487546,0.587553,0.0980423,0.96919,0.682427,0.90032,0.209895,0.98221,0.9754,0.827431,1.25812,0.871675,0.820299,0.617785,0.842551,0.820305,0.940943,0.555846,0.958891
0.215426,0.3239,0.370364,0.312336,0.853598,0.487056,0.392641,0.223611,0.377505,0.492385,0.58494,0.0962809,0.971847,0.678106,0.904849,0.210567,0.986635,0.97561,0.813023,1.28682,0.869372,0.81949,0.61258,0.849023,0.807316,0.949935,0.553022,0.96098
0.214319,0.323961,0.373879,0.315302,0.852469,0.484832,0.387027,0.22356,0.372008,0.491007,0.586372,0.0945301,0.959674,0.684705,0.891048,0.2081,0.981498,0.969457,0.807895,1.27241,0.874566,0.831964,0.609089,0.839501,0.825528,0.955259,0.554787,0.972332
0.213815,0.320428,0.369936,0.31276,0.864961,0.48438,0.386477,0.221393,0.371504,0.478771,0.619352,0.0926582,0.960472,0.682555,0.870937,0.206474,0.992946,0.959071,0.807205,1.25873,0.870853,0.834777,0.622458,0.830569,0.837613,0.962475,0.557906,1.01078
0.218125,0.317089,0.366488,0.318796,0.856425,0.475914,0.380082,0.221894,0.368946,0.474562,0.629065,0.0915553,0.951725,0.68135,0.886474,0.209626,0.998027,0.945951,0.802604,1.23681,0.869624,0.824378,0.619761,0.816906,0.848811,0.970771,0.554992,1.01007
0.217752,0.318587,0.368382,0.327259,0.841359,0.472253,0.375105,0.220226,0.375041,0.473154,0.617769,0.0892523,0.938209,0.67719,0.876819,0.209725,0.994933,0.947208,0.798027,1.22878,0.857794,0.809434,0.613341,0.828015,0.874194,0.965803,0.563027,1.00163
0.213388,0.313257,0.365559,0.326084,0.829327,0.463278,0.37002,0.218148,0.369714,0.466167,0.608621,0.0879488,0.952136,0.671299,0.866633,0.213071,0.989021,0.946694,0.789965,1.22486,0.852209,0.820967,0.628119,0.820038,0.869822,1.00553,0.558463,0.987317
0.210374,0.3173,0.36643,0.319259,0.840792,0.46003,0.368189,0.21623,0.378417,0.469125,0.611156,0.0865408,0.946904,0.672828,0.848596,0.21017,0.988632,0.935475,0.822869,1.23751,0.86933,0.810995,0.620514,0.820324,0.895152,1.00865,0.555099,0.995905
0.208609,0.316828,0.376844,0.321446,0.826692,0.464896,0.361427,0.215299,0.379808,0.466739,0.602641,0.0875563,0.942895,0.664497,0.86848,0.209723,0.971798,0.936444,0.815868,1.21142,0.879977,0.814318,0.6238,0.835611,0.929854,1.01426,0.555561,1.00807
0.204775,0.309815,0.372247,0.315823,0.822021,0.459749,0.362311,0.213929,0.388892,0.474456,0.611432,0.0883977,0.945394,0.65544,0.852402,0.205137,0.971461,0.920009,0.821849,1.22298,0.884601,0.810922,0.616126,0.857537,0.943579,1.03051,0.56222,1.00018
0.202313,0.30477,0.375362,0.313553,0.819315,0.468941,0.360018,0.210829,0.382094,0.476224,0.604088,0.0873037,0.932812,0.648573,0.850989,0.206434,0.975579,0.912259,0.806318,1.19836,0.889137,0.806433,0.615205,0.847194,0.941356,1.04518,0.559657,0.988959
0.202075,0.301578,0.381435,0.317941,0.805768,0.45972,0.356555,0.210708,0.379487,0.47338,0.604409,0.0867013,0.919811,0.657566,0.859806,0.204161,0.965622,0.921537,0.797719,1.18065,0.889019,0.798177,0.611633,0.840605,0.948299,1.0282,0.548934,0.981529
0.200647,0.297714,0.383234,0.31699,0.801699,0.461112,0.352622,0.210961,0.374752,0.465328,0.594272,0.0856711,0.917015,0.653738,0.856274,0.205347,0.9645,0.92176,0.791008,1.18719,0.908246,0.795846,0.607276,0.830827,0.944625,1.01798,0.562704,0.994692
0.20069,0.302098,0.388722,0.316494,0.794666,0.460993,0.348542,0.210288,0.376772,0.468204,0.588268,0.0854798,0.915245,0.665264,0.853129,0.204548,0.961981,0.927754,0.778808,1.2023,0.912524,0.795393,0.616001,0.843428,0.942374,1.01269,0.560764,1.00039
0.197887,0.303382,0.382618,0.313307,0.7824,0.459005,0.347243,0.209991,0.375652,0.467985,0.581097,0.0837356,0.913053,0.658321,0.858544,0.210058,0.956793,0.919629,0.7737,1.20985,0.899437,0.814066,0.605917,0.847628,0.923653,0.993305,0.579157,0.987526
0.200619,0.301816,0.382104,0.314055,0.792439,0.453124,0.344312,0.209327,0.375543,0.475299,0.579043,0.0827972,0.91295,0.655043,0.876908,0.207806,0.96763,0.907574,0.762149,1.20805,0.891798,0.817962,0.621096,0.852424,0.910562,1.00133,0.581163,0.980279
0.197109,0.300504,0.381349,0.314094,0.806961,0.445184,0.338522,0.21241,0.370912,0.470081,0.569072,0.0816095,0.915621,0.662825,0.883972,0.206169,0.980298,0.897599,0.749645,1.20707,0.883291,0.824667,0.618881,0.861521,0.90643,1.00792,0.575,0.968006
0.195317,0.299423,0.383467,0.320497,0.811839,0.437096,0.337166,0.209795,0.366711,0.46326,0.565552,0.0803622,0.913125,0.659973,0.878309,0.202438,0.992803,0.890271,0.749523,1.21058,0.880516,0.825203,0.614768,0.872362,0.918548,0.999949,0.570672,0.96066
0.192632,0.299486,0.390811,0.328962,0.80627,0.4348,0.332514,0.210065,0.36445,0.465236,0.562289,0.0793012,0.895273,0.649294,0.877788,0.199148,0.978865,0.885394,0.749433,1.18744,0.869006,0.817927,0.605182,0.880849,0.908591,1.00833,0.579309,0.951068
0.191175,0.301953,0.387234,0.324359,0.80563,0.430038,0.327036,0.20664,0.360868,0.472093,0.556437,0.0780507,0.877027,0.646741,0.909938,0.200017,0.979263,0.874023,0.762579,1.17168,0.861236,0.8135,0.606873,0.912228,0.929007,1.01007,0.58459,0.958757
0.189481,0.299434,0.381034,0.321081,0.79841,0.430856,0.322013,0.203197,0.359577,0.473642,0.551551,0.0779202,0.89391,0.661144,0.919967,0.197505,0.99598,0.865719,0.767493,1.15493,0.855046,0.813576,0.59914,0.937645,0.933006,0.999244,0.576224,0.977332
0.187642,0.294481,0.381197,0.317077,0.804029,0.434453,0.317845,0.200242,0.362369,0.476409,0.545712,0.0780847,0.899739,0.658643,0.908937,0.195374,0.99081,0.856285,0.767305,1.16417,0.87008,0.817244,0.59363,0.954203,0.931013,0.992287,0.580092,0.982299
0.188671,0.294755,0.378503,0.314856,0.796063,0.438812,0.317242,0.200602,0.360933,0.478164,0.539869,0.0789089,0.904201,0.652945,0.901308,0.194265,0.997282,0.863879,0.786492,1.17206,0.86248,0.833425,0.582498,0.9469,0.923218,0.991435,0.57102,0.973097
0.190738,0.294802,0.37904,0.310351,0.790066,0.442116,0.311,0.20185,0.357916,0.484069,0.533401,0.0791401,0.891967,0.643822,0.898628,0.191228,0.994457,0.854581,0.775335,1.1505,0.851712,0.820467,0.586403,0.951296,0.933691,0.983878,0.572665,0.969092
0.188211,0.294754,0.39611,0.316565,0.796587,0.443545,0.31305,0.199891,0.351989,0.491055,0.529589,0.0790627,0.895528,0.648069,0.888865,0.189888,1.00001,0.854803,0.766589,1.14298,0.85756,0.814897,0.586842,0.965505,0.93221,0.981461,0.569915,0.989068
0.189843,0.291602,0.39738,0.315381,0.804296,0.444199,0.309006,0.198037,0.347843,0.489011,0.52947,0.0773844,0.898026,0.639254,0.920797,0.187438,1.02806,0.867739,0.760765,1.13671,0.863143,0.820128,0.58702,0.975029,0.948998,0.979312,0.568512,0.995832
0.190969,0.294443,0.396866,0.316191,0.801544,0.445027,0.305965,0.19516,0.348543,0.48487,0.545837,0.0767728,0.879693,0.657773,0.912722,0.187963,1.02328,0.860566,0.761511,1.13659,0.858181,0.822336,0.596581,0.970381,0.952018,0.996127,0.57838,0.988416
0.19056,0.292917,0.393589,0.31046,0.795795,0.43793,0.306895,0.192846,0.350701,0.48284,0.556753,0.0768335,0.872619,0.659692,0.89661,0.187485,1.03604,0.873826,0.753501,1.12786,0.873872,0.820202,0.60908,0.98195,0.93996,1.00564,0.587572,1.00108
0.187999,0.301534,0.388004,0.308705,0.813981,0.448009,0.302232,0.191182,0.345321,0.481781,0.551722,0.0772173,0.868093,0.669536,0.927069,0.188583,1.02799,0.891289,0.771936,1.13375,0.868229,0.810007,0.604606,0.99233,0.962504,1.00678,0.590241,1.00735
0.185033,0.304105,0.389468,0.304663,0.80505,0.448383,0.296168,0.188837,0.348827,0.480941,0.551786,0.0760478,0.865701,0.658766,0.929559,0.188219,1.02093,0.891207,0.773468,1.11348,0.880846,0.802324,0.607289,1.0154,0.943899,0.990171,0.582779,1.00081
0.181511,0.29742,0.389347,0.301727,0.808978,0.453981,0.295155,0.188758,0.351231,0.475298,0.555527,0.0765894,0.862819,0.66887,0.918709,0.187199,1.02472,0.923442,0.786455,1.10531,0.87255,0.806818,0.596234,1.00701,0.934008,0.999973,0.598532,1.00245
0.178968,0.299192,0.384235,0.303343,0.818739,0.450204,0.291572,0.193573,0.348375,0.474417,0.564181,0.0755995,0.872903,0.661238,0.904787,0.186331,1.01179,0.928092,0.794699,1.09384,0.87836,0.797658,0.590126,1.00129,0.927654,0.994687,0.606581,1.00358
0.18001,0.309526,0.384058,0.308401,0.837052,0.444032,0.290601,0.19017,0.348681,0.477763,0.564656,0.0743359,0.856828,0.673092,0.904944,0.183971,1.02761,0.939548,0.801742,1.08587,0.864995,0.809988,0.579874,0.99298,0.956754,0.980032,0.610801,1.00999
0.177756,0.31361,0.385213,0.308179,0.835776,0.45382,0.301364,0.187625,0.348976,0.475364,0.558364,0.0730527,0.850516,0.662441,0.905803,0.185223,1.02714,0.952181,0.79498,1.09348,0.87663,0.807477,0.58734,1.00342,0.966996,0.971809,0.611022,0.994132
0.176195,0.30713,0.384501,0.307855,0.825356,0.455231,0.297761,0.185833,0.346889,0.481943,0.549498,0.0724156,0.850442,0.657238,0.89147,0.181529,1.02975,0.953128,0.817928,1.08949,0.871061,0.808414,0.577822,1.00585,0.960619,0.966462,0.601409,0.99044
0.174162,0.301869,0.380124,0.304933,0.815814,0.450596,0.293648,0.184058,0.345321,0.492762,0.5411,0.0720332,0.837018,0.651165,0.887661,0.178743,1.01707,0.964514,0.805232,1.07287,0.864365,0.804589,0.582858,0.997111,0.955838,0.974538,0.594814,0.987521
0.175994,0.302412,0.375641,0.301521,0.817337,0.454248,0.288495,0.181058,0.340206,0.490227,0.532184,0.0708242,0.825891,0.653936,0.873308,0.179649,1.01551,0.95135,0.799225,1.05989,0.859601,0.788727,0.573828,0.997119,0.955373,0.968107,0.591985,0.990854
0.17506,0.297201,0.374729,0.302905,0.821618,0.445255,0.296087,0.178746,0.343502,0.482695,0.522523,0.0701529,0.821167,0.664197,0.866025,0.177963,1.0211,0.966256,0.806497,1.03542,0.852071,0.787827,0.57001,0.988412,0.943954,0.956063,0.590754,0.988587
0.171755,0.292976,0.380163,0.305594,0.827096,0.444074,0.293985,0.177414,0.343444,0.474789,0.521124,0.0713467,0.809328,0.66466,0.853066,0.176678,1.02554,0.954343,0.795323,1.03606,0.873663,0.776665,0.563329,0.989878,0.970481,0.957858,0.590965,1.00811
0.174234,0.291837,0.381901,0.307437,0.816468,0.436789,0.295355,0.175592,0.342995,0.47048,0.521318,0.0709942,0.798276,0.680464,0.849067,0.180207,1.03199,0.945343,0.790042,1.03218,0.903396,0.784374,0.560557,0.990983,0.966878,0.964229,0.600516,1.00353
0.174323,0.295201,0.392415,0.309059,0.821129,0.43239,0.297076,0.174435,0.349161,0.471742,0.519322,0.0715918,0.784752,0.69268,0.837046,0.180754,1.03939,0.931107,0.786934,1.0154,0.922242,0.780856,0.552421,1.00215,0.989567,0.963904,0.603114,0.982924
0.172884,0.295158,0.386113,0.306229,0.819509,0.42315,0.293881,0.176741,0.347952,0.464617,0.520579,0.0714457,0.782476,0.688021,0.829773,0.17985,1.04723,0.927564,0.784437,1.009,0.910549,0.765061,0.548134,1.0055,0.994243,0.96908,0.603532,0.967841
0.171794,0.294022,0.382632,0.302647,0.812919,0.425671,0.288044,0.174208,0.352615,0.464334,0.518961,0.0714997,0.770651,0.679324,0.821599,0.178432,1.03513,0.940582,0.797599,1.03451,0.903479,0.757248,0.549553,1.0259,0.981254,0.96254,0.598313,0.954644
0.168184,0.295622,0.378369,0.300796,0.813371,0.423248,0.291531,0.178234,0.351146,0.466716,0.507683,0.0709796,0.770031,0.683994,0.805325,0.175272,1.03931,0.943394,0.797344,1.0323,0.908746,0.753673,0.544509,1.04781,0.990981,0.950412,0.589975,0.963073
0.166021,0.295616,0.373749,0.299438,0.803063,0.418371,0.292465,0.178866,0.346928,0.464068,0.508318,0.0708778,0.786075,0.67799,0.81449,0.179772,1.05458,0.940722,0.792114,1.02559,0.910614,0.753491,0.549497,1.07695,0.982569,0.96555,0.596709,0.967282
0.163987,0.297256,0.37644,0.295834,0.798596,0.412724,0.294233,0.181706,0.346444,0.463698,0.499934,0.0700023,0.787619,0.674359,0.802911,0.17815,1.04709,0.935319,0.808845,1.04623,0.923769,0.739037,0.563682,1.08001,0.98983,0.97416,0.593399,0.966048
0.164366,0.306555,0.37147,0.294593,0.793881,0.413124,0.290341,0.179111,0.340163,0.459103,0.495466,0.0689668,0.778192,0.66342,0.797198,0.175879,1.026,0.957006,0.805384,1.05168,0.915083,0.73762,0.561935,1.0785,0.974612,0.961492,0.586695,0.957026
0.162072,0.309744,0.376183,0.300428,0.832407,0.414546,0.297151,0.180904,0.336588,0.463456,0.50365,0.0683207,0.765926,0.671837,0.803422,0.174488,1.05399,0.964227,0.799899,1.06733,0.945057,0.729627,0.559759,1.09245,1.00963,0.972317,0.591918,0.98375
0.161549,0.307589,0.383785,0.302485,0.852773,0.420352,0.294977,0.187369,0.329143,0.477347,0.503921,0.0677273,0.755735,0.683543,0.849293,0.176477,1.067,0.959451,0.800889,1.09076,0.948943,0.719081,0.569248,1.10374,1.03894,0.992339,0.592747,0.987866
0.159628,0.30443,0.38691,0.301365,0.881529,0.420035,0.290571,0.188558,0.326881,0.474708,0.5131,0.0687028,0.749176,0.682119,0.837103,0.176909,1.04285,0.953534,0.827136,1.08552,0.955973,0.718636,0.563163,1.10978,1.0231,0.987724,0.599681,0.970632
0.156779,0.298638,0.384614,0.302836,0.8834,0.424701,0.291653,0.186116,0.326772,0.467011,0.505043,0.068245,0.746325,0.684736,0.851032,0.177117,1.03182,0.9407,0.823063,1.08917,0.940778,0.721703,0.563863,1.10029,1.02033,0.980225,0.600806,0.960779
0.154701,0.294298,0.387048,0.307954,0.886299,0.425912,0.287704,0.186436,0.327277,0.461324,0.505866,0.0683272,0.743215,0.688544,0.837598,0.175252,1.03992,0.939681,0.820302,1.08468,0.929435,0.731112,0.563611,1.10116,1.02594,0.977968,0.593626,0.955605
0.156781,0.29096,0.383681,0.302543,0.890079,0.430565,0.2881,0.185118,0.323417,0.470358,0.50572,0.0679145,0.755156,0.682327,0.829929,0.173472,1.03638,0.935735,0.83645,1.09289,0.929142,0.721467,0.559704,1.11616,1.03087,0.986642,0.595818,0.961807
0.153509,0.29473,0.387882,0.30678,0.904415,0.436061,0.285046,0.183979,0.322059,0.473961,0.503227,0.0673332,0.759065,0.70283,0.826359,0.17283,1.02469,0.940479,0.845326,1.09202,0.915679,0.715312,0.552859,1.10038,1.01999,1.00056,0.59303,0.960126
0.151582,0.293878,0.387028,0.304972,0.899446,0.447038,0.282113,0.182759,0.317156,0.479477,0.506445,0.0674401,0.750332,0.688796,0.830434,0.174973,1.02897,0.958663,0.856624,1.09006,0.903562,0.710342,0.553121,1.12331,1.00505,1.01449,0.597026,0.951928
0.152599,0.290795,0.386098,0.301472,0.91529,0.448982,0.280336,0.180844,0.318971,0.471211,0.508668,0.0674371,0.73665,0.677034,0.827112,0.173399,1.0754,0.950519,0.873471,1.08275,0.91345,0.701317,0.5563,1.11099,1.03704,1.00724,0.593957,0.962978
0.1489,0.289861,0.384433,0.304246,0.911677,0.455269,0.284296,0.17907,0.314892,0.468996,0.507326,0.0667925,0.735981,0.671939,0.828443,0.172011,1.06393,0.942398,0.867811,1.07069,0.900035,0.697083,0.557044,1.09118,1.04729,1.01724,0.605982,0.966381
0.150185,0.292961,0.381288,0.301265,0.896868,0.456932,0.284046,0.180939,0.311759,0.471676,0.521403,0.0661445,0.748557,0.669048,0.827608,0.172037,1.0832,0.951896,0.860886,1.06014,0.901452,0.698205,0.560901,1.0899,1.07058,1.02158,0.611362,0.980314
0.151046,0.297843,0.379113,0.302103,0.898533,0.451474,0.28473,0.180592,0.307017,0.467829,0.52314,0.0659103,0.740751,0.662198,0.834053,0.172802,1.10255,0.95381,0.859153,1.06662,0.907002,0.705106,0.556859,1.08593,1.04736,1.00742,0.602366,0.990539
0.153694,0.292682,0.378259,0.299158,0.903394,0.447914,0.282847,0.17964,0.313499,0.464854,0.53155,0.0665755,0.737945,0.673385,0.832983,0.17311,1.08297,0.948713,0.853784,1.06695,0.899931,0.702567,0.555367,1.074,1.03537,1.00491,0.592764,0.989513
0.152518,0.298591,0.378627,0.298186,0.917009,0.446761,0.280481,0.179219,0.317191,0.456161,0.531484,0.0659624,0.742229,0.684816,0.829472,0.171074,1.07569,0.937542,0.853284,1.06474,0.907544,0.715918,0.571554,1.08231,1.03069,0.996769,0.590896,0.981058
0.152485,0.296527,0.380071,0.300483,0.91136,0.44575,0.281054,0.18068,0.320591,0.460138,0.537819,0.0658424,0.741034,0.699684,0.822918,0.17101,1.06763,0.916957,0.83262,1.04495,0.925299,0.717677,0.571035,1.0712,1.04059,1.03965,0.593622,0.968988
0.149361,0.299721,0.391317,0.313686,0.920333,0.44548,0.285453,0.180045,0.318769,0.46949,0.534827,0.0646296,0.73352,0.686588,0.814447,0.172182,1.06407,0.899096,0.840873,1.04211,0.931353,0.734524,0.570538,1.07272,1.0533,1.02954,0.619791,0.971732
0.14692,0.296881,0.393722,0.313111,0.915783,0.447456,0.284352,0.177678,0.314366,0.470773,0.537784,0.0634476,0.737559,0.691741,0.805696,0.171435,1.0661,0.89112,0.831111,1.04902,0.940177,0.723292,0.585119,1.0836,1.05696,1.01461,0.613476,0.982268
0.145392,0.297323,0.404778,0.320985,0.912067,0.454648,0.282173,0.174565,0.317267,0.462163,0.534016,0.0650143,0.737361,0.696354,0.794075,0.168049,1.05962,0.875437,0.827177,1.04698,0.940861,0.720892,0.59813,1.08539,1.06328,1.01937,0.619528,0.991424
0.146364,0.302984,0.402449,0.319636,0.912536,0.463528,0.28904,0.174957,0.310724,0.462645,0.525608,0.065845,0.7393,0.69847,0.789945,0.166726,1.03703,0.85756,0.842746,1.03512,0.936826,0.718087,0.591403,1.06561,1.06124,1.01364,0.626131,0.983055
0.143275,0.298195,0.398344,0.321476,0.903803,0.465559,0.288149,0.177763,0.30598,0.471867,0.518832,0.0653649,0.743292,0.691317,0.77794,0.163732,1.03125,0.868246,0.857654,1.02595,0.944736,0.706437,0.59306,1.06622,1.0586,1.02628,0.634196,0.968053
0.142755,0.303172,0.399046,0.318818,0.898572,0.46142,0.283675,0.176272,0.307428,0.467787,0.51137,0.0658616,0.734256,0.67842,0.782174,0.161546,1.01987,0.858956,0.856516,1.00728,0.942729,0.717489,0.60825,1.05038,1.10355,1.02759,0.629192,0.961133
0.14147,0.298028,0.393997,0.314255,0.916099,0.454215,0.278547,0.18291,0.306612,0.472815,0.49771,0.0654,0.736599,0.675892,0.769655,0.160254,1.01736,0.871742,0.855249,1.00615,0.944594,0.710155,0.597326,1.03931,1.0995,1.03221,0.627668,0.973719
0.140144,0.299879,0.391282,0.308745,0.907329,0.448719,0.274712,0.186665,0.308044,0.470949,0.494222,0.0647443,0.747775,0.673444,0.773235,0.158862,1.04106,0.874476,0.854338,1.04612,0.93865,0.704586,0.603186,1.01134,1.09644,1.01234,0.618894,0.993316
0.14236,0.304832,0.383759,0.305524,0.940522,0.445712,0.273058,0.189484,0.314111,0.476021,0.492028,0.0644492,0.752152,0.681306,0.79963,0.160506,1.03541,0.87516,0.878411,1.06672,0.937198,0.702966,0.599266,0.998244,1.1047,1.0168,0.610445,1.00147
0.139602,0.30068,0.385833,0.302742,0.944277,0.448574,0.276449,0.191083,0.318435,0.485426,0.490559,0.0635046,0.74792,0.685867,0.795258,0.160326,1.06146,0.86553,0.877129,1.07924,0.934194,0.712977,0.595573,1.00286,1.10613,1.00289,0.616515,1.01635
0.138562,0.29975,0.386158,0.303609,0.936893,0.442748,0.273856,0.190213,0.316159,0.478669,0.493006,0.063028,0.741432,0.689524,0.792865,0.158655,1.06512,0.871831,0.86501,1.09367,0.92293,0.708646,0.588227,1.00608,1.11906,1.01465,0.605605,1.00783
0.136874,0.299759,0.389055,0.303,0.963738,0.441328,0.27614,0.19414,0.318335,0.47392,0.497319,0.0624064,0.747566,0.678822,0.779864,0.158412,1.07736,0.876357,0.868878,1.09714,0.93586,0.704381,0.582542,1.00872,1.12633,1.0405,0.609105,1.02009
0.137679,0.301589,0.390907,0.304457,0.95824,0.441287,0.273685,0.195429,0.336494,0.480199,0.499119,0.0618596,0.740202,0.678117,0.80016,0.166059,1.09666,0.893962,0.879045,1.11031,0.944294,0.730157,0.583992,1.00223,1.1699,1.04002,0.613365,1.04948
0.137021,0.305311,0.385111,0.302412,0.950457,0.437062,0.271912,0.196582,0.341468,0.491106,0.502198,0.0612745,0.760091,0.671632,0.809741,0.166242,1.10093,0.901473,0.880443,1.11313,0.941536,0.727043,0.589429,1.00982,1.20222,1.04549,0.627992,1.0406
0.136209,0.309728,0.392177,0.303573,0.937556,0.430243,0.273377,0.195964,0.346273,0.486708,0.504325,0.0604294,0.758088,0.663553,0.804746,0.167162,1.12267,0.90518,0.873134,1.13802,0.937269,0.743029,0.613596,1.0027,1.21653,1.08076,0.624203,1.0487
0.136811,0.30599,0.390013,0.29996,0.92694,0.430308,0.274776,0.195354,0.357265,0.487139,0.502686,0.0605913,0.767307,0.660907,0.806429,0.168146,1.14405,0.897973,0.856971,1.13986,0.939118,0.751332,0.606686,1.00367,1.21748,1.07343,0.627675,1.06805
0.13705,0.308758,0.386541,0.296901,0.933309,0.428678,0.272718,0.195268,0.357858,0.483194,0.495169,0.0591434,0.763401,0.675162,0.793318,0.166178,1.14336,0.887405,0.849904,1.12786,0.945038,0.754914,0.595379,0.995602,1.21357,1.07045,0.631597,1.0617
0.134418,0.30791,0.386227,0.295634,0.925443,0.42903,0.269325,0.194177,0.359397,0.479473,0.49161,0.0607532,0.756327,0.682964,0.778204,0.165908,1.16408,0.894728,0.841139,1.1131,0.946497,0.778358,0.584493,1.0182,1.20342,1.07169,0.638876,1.06466
0.13703,0.303895,0.382977,0.294248,0.924705,0.425918,0.270092,0.190957,0.361736,0.48393,0.493615,0.0593436,0.762387,0.70361,0.768417,0.164064,1.16242,0.885781,0.829393,1.1059,0.960664,0.78182,0.582991,1.0056,1.19846,1.08005,0.627729,1.07004
0.136309,0.301429,0.38721,0.301229,0.951986,0.422315,0.265632,0.190825,0.367122,0.482627,0.495592,0.0581309,0.764153,0.694729,0.775147,0.163809,1.17217,0.875466,0.85861,1.09059,0.941943,0.802411,0.576646,1.02738,1.21129,1.0656,0.627203,1.06295
0.136794,0.298778,0.394962,0.300567,0.955671,0.427339,0.261824,0.190095,0.369645,0.487977,0.506028,0.0573779,0.756997,0.697762,0.76805,0.164989,1.17462,0.886189,0.849808,1.09681,0.935963,0.805984,0.57101,1.0112,1.20558,1.05613,0.628508,1.07184
0.136049,0.294227,0.390417,0.299566,0.941347,0.432075,0.262053,0.190421,0.370212,0.486255,0.495883,0.0570287,0.765244,0.68997,0.760693,0.162775,1.17806,0.877619,0.865646,1.08145,0.932828,0.801078,0.590375,1.00034,1.19563,1.05561,0.653855,1.08
0.137389,0.292327,0.391473,0.301195,0.942707,0.431332,0.257008,0.188729,0.370199,0.480205,0.503617,0.0566926,0.778949,0.692456,0.747066,0.161764,1.18125,0.873689,0.863038,1.10211,0.933044,0.818151,0.596016,0.984435,1.20215,1.05911,0.654512,1.07015
0.135664,0.294334,0.396336,0.301964,0.937358,0.427813,0.258741,0.19048,0.369057,0.480929,0.503492,0.0571759,0.781745,0.687406,0.761654,0.162122,1.19755,0.872892,0.849463,1.11015,0.936431,0.821863,0.594227,0.987506,1.21114,1.05909,0.669359,1.07901
0.134732,0.295387,0.403068,0.305225,0.940425,0.421306,0.256108,0.190487,0.366113,0.487101,0.498955,0.0563987,0.78807,0.682428,0.775242,0.167857,1.17813,0.862153,0.84085,1.11788,0.938609,0.821163,0.599319,0.993701,1.21097,1.06623,0.687261,1.06822
0.13536,0.291449,0.398343,0.30178,0.924549,0.430647,0.258334,0.191066,0.360686,0.495166,0.495631,0.0563264,0.790645,0.677849,0.764204,0.165811,1.22093,0.862218,0.855945,1.10356,0.933477,0.816654,0.612137,0.997868,1.23864,1.07279,0.699319,1.06538
0.134309,0.290546,0.401623,0.301585,0.925087,0.426864,0.254487,0.186421,0.353915,0.490121,0.489337,0.0552956,0.785122,0.678257,0.753762,0.163362,1.21528,0.859444,0.847702,1.09532,0.934053,0.815829,0.605118,0.99398,1.23819,1.06749,0.710717,1.07413
0.133855,0.294753,0.407692,0.305694,0.912463,0.421529,0.253903,0.186374,0.34825,0.491976,0.486651,0.054732,0.779436,0.671181,0.747539,0.164217,1.20752,0.854311,0.841348,1.0806,0.949622,0.818561,0.606889,0.987578,1.27117,1.07793,0.707068,1.07652
0.131955,0.294006,0.402183,0.301614,0.90434,0.420857,0.249036,0.184904,0.34095,0.502024,0.484901,0.0537035,0.772226,0.67094,0.739322,0.160621,1.21986,0.862829,0.834447,1.10199,0.944462,0.817639,0.608038,0.994698,1.30452,1.07988,0.71148,1.09454
0.131464,0.290594,0.396499,0.2971,0.893428,0.422756,0.246469,0.183963,0.339784,0.494515,0.483177,0.0534126,0.790935,0.663662,0.736566,0.16485,1.24136,0.855672,0.834561,1.14069,0.927092,0.823642,0.605972,1.00958,1.33134,1.06117,0.706836,1.08472
0.130487,0.285437,0.389908,0.294286,0.8914,0.419729,0.247191,0.185619,0.340866,0.490817,0.483321,0.0539968,0.773521,0.651949,0.74746,0.167352,1.23865,0.876016,0.815399,1.13577,0.913326,0.835813,0.598913,1.00649,1.31402,1.06537,0.703574,1.09679
0.129883,0.2832,0.386262,0.294213,0.885805,0.416427,0.247305,0.186408,0.340828,0.48958,0.486455,0.0536199,0.773636,0.648828,0.729828,0.163665,1.23008,0.885638,0.803533,1.14248,0.929103,0.858603,0.601455,0.994293,1.31566,1.09558,0.698587,1.10267
0.128989,0.282273,0.380817,0.288324,0.890787,0.412558,0.24759,0.188459,0.349175,0.483275,0.489197,0.0544147,0.771586,0.658894,0.721557,0.16177,1.22256,0.896525,0.812848,1.11563,0.948417,0.854043,0.603362,1.00175,1.33322,1.10715,0.700095,1.09285
0.127477,0.280908,0.382912,0.290427,0.896836,0.412172,0.24619,0.186237,0.347224,0.475311,0.481926,0.0539206,0.768108,0.663957,0.731754,0.16128,1.22823,0.885928,0.800381,1.10676,0.951352,0.857201,0.612884,0.990994,1.32325,1.1041,0.7103,1.08424
0.125488,0.279215,0.381552,0.290744,0.890694,0.412008,0.248366,0.186453,0.341595,0.47165,0.475973,0.0533754,0.759802,0.657633,0.721488,0.159163,1.22742,0.882041,0.804876,1.08645,0.940676,0.850054,0.624301,0.974492,1.31156,1.10502,0.714183,1.07216
0.131274,0.280554,0.384302,0.286255,0.886798,0.417678,0.244534,0.183492,0.339794,0.469722,0.48681,0.0526277,0.758999,0.645144,0.709012,0.15872,1.22968,0.870264,0.80888,1.07435,0.969178,0.841402,0.624848,0.970359,1.3258,1.08844,0.716647,1.08759
0.130323,0.276902,0.394095,0.287097,0.906839,0.417437,0.240908,0.18232,0.339109,0.481266,0.4891,0.0527026,0.751492,0.651341,0.693081,0.155028,1.2321,0.866063,0.812359,1.06494,0.981401,0.833955,0.615123,0.966527,1.33788,1.09305,0.72701,1.0891
0.129789,0.277455,0.395575,0.286076,0.904635,0.416605,0.243033,0.179658,0.33316,0.482974,0.483467,0.0529138,0.738689,0.660302,0.69708,0.153221,1.22265,0.859204,0.826632,1.05999,0.981858,0.838897,0.618619,0.964415,1.35676,1.08145,0.72542,1.08831
0.129928,0.278046,0.398002,0.289376,0.898447,0.415333,0.238631,0.180746,0.34002,0.477857,0.480937,0.0528767,0.751732,0.664413,0.691135,0.153409,1.22136,0.868058,0.82879,1.06153,0.993027,0.850104,0.619144,0.967297,1.36124,1.09236,0.724275,1.0913
0.127492,0.277428,0.397603,0.289043,0.903162,0.420838,0.238921,0.181781,0.338505,0.472953,0.481983,0.052506,0.754213,0.666669,0.701345,0.153696,1.23113,0.866252,0.828478,1.06324,1.00877,0.856684,0.610841,0.970465,1.35964,1.08024,0.721497,1.08716
0.126053,0.278674,0.396515,0.28826,0.8997,0.417876,0.238349,0.182392,0.338973,0.479023,0.487937,0.0520089,0.739686,0.655257,0.694053,0.151964,1.2147,0.890465,0.821715,1.06524,1.00888,0.867465,0.621349,0.970911,1.34367,1.06676,0.723186,1.0718
0.126197,0.276964,0.398564,0.291295,0.897829,0.413448,0.234798,0.180473,0.343109,0.480254,0.487198,0.0510591,0.737422,0.648364,0.68742,0.153489,1.22597,0.890327,0.820353,1.09567,1.00946,0.859389,0.615281,0.957442,1.34402,1.0722,0.714413,1.05734
0.12514,0.276096,0.397329,0.296436,0.892861,0.413647,0.234738,0.184742,0.339308,0.472561,0.487685,0.0509164,0.72313,0.64332,0.686954,0.15319,1.22829,0.879171,0.831184,1.10489,0.996577,0.845937,0.60751,0.956475,1.34641,1.05843,0.709094,1.0452
0.123615,0.272709,0.407039,0.301934,0.887965,0.409402,0.233319,0.184317,0.336878,0.480271,0.49097,0.0499822,0.715065,0.645269,0.690708,0.150338,1.21954,0.874688,0.818034,1.11828,0.988161,0.846703,0.595832,0.981358,1.33748,1.03816,0.704368,1.04094
0.123482,0.269678,0.411426,0.307337,0.89162,0.413704,0.231555,0.183123,0.33897,0.490001,0.501239,0.0498536,0.739004,0.646852,0.68489,0.147688,1.24937,0.868854,0.825634,1.11724,1.00353,0.854084,0.585819,0.977913,1.36789,1.01847,0.707912,1.03857
0.123759,0.26905,0.414748,0.308191,0.88223,0.425634,0.229434,0.181513,0.33653,0.491542,0.507963,0.0496309,0.73778,0.653732,0.695773,0.148623,1.27246,0.863092,0.818989,1.1091,1.01758,0.843091,0.586911,0.982714,1.35541,1.02665,0.697659,1.03506
0.122089,0.271937,0.425834,0.318911,0.890459,0.420518,0.227666,0.17984,0.336805,0.49208,0.513571,0.0492883,0.743169,0.649871,0.705406,0.150377,1.27277,0.849204,0.814765,1.08862,1.01317,0.843669,0.579805,0.974174,1.33822,1.0213,0.7049,1.05496
0.121465,0.271319,0.439448,0.327962,0.898024,0.422393,0.228368,0.180898,0.334424,0.486667,0.505915,0.0493569,0.743553,0.646384,0.702339,0.150659,1.26149,0.859438,0.8051,1.10285,1.00696,0.854461,0.591165,0.964815,1.33157,1.01601,0.701043,1.06098
0.122491,0.274772,0.437501,0.327899,0.895652,0.420522,0.230871,0.182275,0.340969,0.486618,0.516514,0.0483437,0.734863,0.645556,0.718063,0.154033,1.23756,0.852285,0.808222,1.08528,0.991153,0.863739,0.583058,0.975248,1.33613,1.01243,0.701213,1.05239
0.119942,0.271475,0.437182,0.324709,0.899398,0.421587,0.229725,0.178719,0.345626,0.492613,0.508734,0.0480652,0.737612,0.641274,0.714134,0.15415,1.23237,0.866161,0.83474,1.07192,0.973597,0.854738,0.582617,0.957034,1.34601,1.02261,0.694369,1.04076
0.118501,0.267546,0.431187,0.322095,0.908483,0.422809,0.229632,0.177223,0.341911,0.487237,0.497198,0.0477454,0.735558,0.634605,0.710714,0.154755,1.22987,0.885063,0.834416,1.05921,0.961285,0.846866,0.571951,0.947891,1.33778,1.01316,0.687408,1.03114
0.117188,0.26312,0.425776,0.318608,0.911392,0.415729,0.234893,0.174816,0.34185,0.484501,0.495306,0.0483545,0.72858,0.627215,0.7242,0.156289,1.26211,0.894026,0.827097,1.06065,0.956737,0.834765,0.575664,0.931388,1.36948,1.02559,0.678539,1.0393
0.116179,0.260663,0.41888,0.31717,0.905159,0.409873,0.234256,0.174027,0.345579,0.480598,0.521457,0.0475855,0.726983,0.622242,0.73255,0.157177,1.28352,0.897627,0.821976,1.05912,0.939691,0.838945,0.586292,0.920623,1.37353,1.01189,0.678843,1.04025
0.114887,0.256401,0.417793,0.317047,0.891179,0.403517,0.234457,0.173918,0.343297,0.48213,0.521717,0.047911,0.723357,0.634123,0.740146,0.160236,1.2664,0.885725,0.819245,1.0677,0.9403,0.82812,0.603146,0.928481,1.3576,1.0187,0.686621,1.02284
0.114706,0.257741,0.41527,0.31428,0.893699,0.402315,0.232312,0.172608,0.338814,0.476627,0.521916,0.0477965,0.728755,0.626187,0.755894,0.161484,1.27201,0.883581,0.814985,1.08534,0.94129,0.817769,0.610104,0.924444,1.3753,1.01123,0.681652,1.03509
0.11318,0.263402,0.415739,0.320429,0.887742,0.393617,0.233464,0.174435,0.338473,0.478823,0.519946,0.0470086,0.727329,0.635744,0.757191,0.162044,1.25248,0.876082,0.806443,1.09045,0.955489,0.817838,0.611416,0.929666,1.36972,1.05248,0.693073,1.05227
0.113537,0.264858,0.420892,0.317726,0.891308,0.395769,0.229335,0.173944,0.33309,0.487068,0.512897,0.0466887,0.742315,0.635579,0.750459,0.163179,1.24598,0.880875,0.794059,1.09936,0.96761,0.821717,0.601801,0.914399,1.35428,1.05152,0.69462,1.03895
0.112163,0.264306,0.417049,0.317981,0.90138,0.406611,0.231667,0.172948,0.328271,0.484309,0.511984,0.0472429,0.740217,0.647213,0.741355,0.16099,1.25403,0.867608,0.790701,1.09466,0.980021,0.813657,0.599755,0.920365,1.34702,1.04675,0.703525,1.03523
0.111266,0.264708,0.414333,0.317309,0.893166,0.405268,0.227025,0.170895,0.332516,0.485105,0.522796,0.0474001,0.739838,0.647564,0.739702,0.160175,1.2443,0.878292,0.784833,1.08964,1.00971,0.809416,0.59813,0.907044,1.34244,1.04158,0.697881,1.02357
0.109752,0.259606,0.418544,0.316487,0.885292,0.404078,0.230088,0.170778,0.333079,0.492665,0.521594,0.0470637,0.732547,0.650512,0.739939,0.15958,1.23147,0.879944,0.780292,1.09358,1.02453,0.818466,0.590289,0.918143,1.33862,1.05115,0.687621,1.0227
0.108288,0.254973,0.416998,0.316406,0.878283,0.397996,0.229176,0.168791,0.333465,0.48734,0.519855,0.0465401,0.729523,0.670611,0.735991,0.159154,1.21474,0.864738,0.77244,1.08976,1.03191,0.805752,0.578199,0.898482,1.35366,1.05343,0.696993,1.04393
0.106428,0.254867,0.420422,0.316375,0.885281,0.390282,0.229469,0.168325,0.331784,0.482185,0.517402,0.0462832,0.723911,0.671817,0.742213,0.161942,1.25973,0.8625,0.769124,1.09632,1.02976,0.802632,0.585758,0.886224,1.36283,1.04106,0.697667,1.04057
0.108239,0.253387,0.417322,0.31574,0.871703,0.387521,0.22762,0.167457,0.33623,0.481018,0.507149,0.046331,0.717696,0.667642,0.729531,0.158481,1.25632,0.85596,0.771341,1.08215,1.02095,0.798646,0.587059,0.868217,1.36155,1.03708,0.696986,1.03845
0.106966,0.252003,0.418673,0.316224,0.892253,0.38338,0.229517,0.173812,0.331482,0.482719,0.504303,0.0457024,0.719516,0.660518,0.727902,0.158741,1.27026,0.853991,0.785755,1.08222,1.00909,0.784708,0.580001,0.86417,1.3647,1.05723,0.682442,1.03047
0.106344,0.250974,0.411392,0.309664,0.883149,0.38064,0.23021,0.173347,0.328331,0.480812,0.496944,0.0459266,0.703637,0.651765,0.725491,0.15591,1.27644,0.858795,0.77863,1.06465,1.00757,0.780957,0.576475,0.853451,1.3424,1.05443,0.674385,1.02789
0.106116,0.249871,0.406184,0.304086,0.88209,0.387363,0.233337,0.172929,0.327307,0.486579,0.494496,0.0460063,0.689131,0.660161,0.720833,0.153665,1.28306,0.85809,0.779272,1.05195,1.00706,0.775055,0.576,0.850678,1.32781,1.03736,0.684239,1.03056
0.105103,0.247863,0.406769,0.300013,0.906583,0.385892,0.238436,0.172339,0.330011,0.479221,0.491711,0.0455941,0.706688,0.657475,0.722426,0.156059,1.2642,0.855258,0.774576,1.07091,0.999237,0.764873,0.58564,0.860486,1.3054,1.03074,0.677921,1.01963
0.104681,0.243319,0.404919,0.299422,0.904504,0.384581,0.234682,0.17531,0.327781,0.476593,0.47931,0.0453618,0.697429,0.643365,0.710578,0.152047,1.2706,0.84078,0.762531,1.06983,1.0153,0.760394,0.580034,0.85609,1.32744,1.02882,0.689284,1.03345
0.104481,0.242448,0.402942,0.2965,0.896439,0.37999,0.231836,0.17413,0.324918,0.47991,0.483556,0.0446738,0.687314,0.633978,0.718644,0.151361,1.25562,0.829137,0.770799,1.05536,1.00478,0.763335,0.583781,0.845911,1.30207,1.01926,0.681513,1.022
0.106338,0.241296,0.396773,0.295455,0.895618,0.377335,0.229843,0.172545,0.320456,0.472462,0.479389,0.043834,0.675753,0.640914,0.712042,0.149501,1.24765,0.808374,0.777095,1.03815,1.00992,0.772056,0.598477,0.836278,1.29081,1.0143,0.673383,1.01165
0.106719,0.242459,0.394027,0.29355,0.888068,0.374155,0.227708,0.173355,0.31637,0.472316,0.484623,0.0437067,0.668314,0.661786,0.69672,0.147765,1.2301,0.811768,0.764995,1.03308,1.01863,0.767793,0.593749,0.823178,1.2946,1.00633,0.68344,1.00481
0.105578,0.244155,0.388991,0.292472,0.885982,0.369034,0.227474,0.172587,0.324903,0.467988,0.491646,0.0433355,0.661626,0.674673,0.685297,0.146672,1.23048,0.79699,0.761747,1.03236,1.01829,0.773453,0.583853,0.813273,1.30224,1.02918,0.678124,1.00441
0.104922,0.243579,0.383709,0.28913,0.876913,0.36429,0.223926,0.172458,0.324604,0.471329,0.489253,0.0430382,0.662172,0.687294,0.670339,0.143847,1.24149,0.785899,0.749739,1.01487,1.01166,0.771373,0.573539,0.830314,1.28577,1.03873,0.683016,1.00811
0.106566,0.24105,0.377688,0.284784,0.874624,0.361115,0.223409,0.17279,0.318288,0.465867,0.477263,0.0425773,0.659852,0.696252,0.666541,0.141211,1.26198,0.784909,0.746189,1.00105,1.00349,0.765021,0.580581,0.817112,1.29207,1.03171,0.677844,1.02052
0.105243,0.244158,0.385764,0.287984,0.869154,0.364604,0.221356,0.173134,0.325903,0.463342,0.480604,0.0419954,0.669071,0.694273,0.657162,0.139848,1.25232,0.789727,0.738544,0.992029,0.983852,0.763346,0.580744,0.833892,1.27792,1.02233,0.664422,1.02583
0.104318,0.241354,0.388757,0.288513,0.859651,0.360236,0.220989,0.172742,0.323883,0.458726,0.477666,0.0419259,0.668085,0.694509,0.655735,0.140465,1.28004,0.804772,0.74464,0.992276,0.977423,0.754867,0.574534,0.837011,1.29999,1.02184,0.654626,1.02319
0.103791,0.243455,0.390005,0.28591,0.854575,0.364241,0.216297,0.172152,0.320284,0.453289,0.472197,0.0421224,0.66518,0.704501,0.66248,0.139745,1.27161,0.822474,0.744688,0.995896,0.968694,0.745153,0.56336,0.831003,1.28817,1.02612,0.64855,1.01914
0.102461,0.239874,0.382019,0.283686,0.847022,0.362224,0.215362,0.169687,0.317518,0.44565,0.468107,0.0412645,0.660009,0.699043,0.6585,0.140001,1.26125,0.825437,0.755055,0.980646,0.971415,0.741465,0.561042,0.837405,1.28925,1.02866,0.651895,1.0012
0.101833,0.238172,0.387491,0.291565,0.838648,0.364236,0.213434,0.168289,0.317872,0.443882,0.461179,0.0410445,0.653924,0.691364,0.651426,0.138733,1.25355,0.828146,0.743925,0.987683,0.965111,0.731823,0.55123,0.825589,1.26965,1.02262,0.656847,0.980066
0.101623,0.241905,0.379251,0.286296,0.840178,0.361397,0.212269,0.171947,0.318409,0.439848,0.459635,0.0411175,0.644387,0.703156,0.657146,0.139902,1.22485,0.852197,0.737568,0.976049,0.947977,0.74535,0.546601,0.824412,1.27406,1.02182,0.650686,0.972236
0.100643,0.24091,0.381883,0.283162,0.829685,0.360519,0.215049,0.170694,0.313376,0.451722,0.460624,0.0409535,0.636449,0.694442,0.66624,0.139849,1.23124,0.848542,0.758672,0.96132,0.949628,0.741531,0.551316,0.836383,1.26923,1.00866,0.658572,0.968806
0.0984989,0.237181,0.390953,0.282356,0.826049,0.354537,0.210259,0.169543,0.312561,0.445094,0.451998,0.0409434,0.628308,0.696317,0.666701,0.139897,1.24591,0.847144,0.750285,0.950834,0.949509,0.739048,0.548465,0.837979,1.27985,0.992055,0.653626,0.963899
0.0977903,0.24085,0.394288,0.288076,0.816961,0.349599,0.209295,0.167978,0.309447,0.434565,0.451759,0.041997,0.637375,0.68855,0.687331,0.143408,1.26249,0.834399,0.736205,0.946068,0.959982,0.750189,0.548039,0.852594,1.28322,0.982736,0.659904,0.969927
0.0959415,0.242383,0.41307,0.295311,0.805733,0.351849,0.208088,0.168808,0.304232,0.433031,0.45072,0.042546,0.638866,0.680569,0.682951,0.142147,1.28399,0.840011,0.739588,0.955907,0.978896,0.74556,0.57335,0.857177,1.30148,0.968886,0.661061,0.96875
0.0955767,0.237787,0.405761,0.289777,0.798982,0.348122,0.208001,0.169858,0.298935,0.430307,0.450243,0.0427086,0.653428,0.668434,0.685014,0.143034,1.2812,0.837994,0.73407,0.957672,0.976877,0.747791,0.581479,0.874812,1.29887,0.964338,0.651168,0.961084
0.0944016,0.23609,0.402682,0.287713,0.790738,0.342942,0.208665,0.169092,0.297393,0.43457,0.454517,0.0419489,0.65068,0.672734,0.674928,0.141851,1.25158,0.828347,0.720682,0.964025,1.01006,0.738646,0.581148,0.885983,1.29686,0.943,0.646933,0.94981
0.0932844,0.235407,0.403204,0.287155,0.79644,0.34266,0.206576,0.166346,0.295121,0.429423,0.44622,0.0416936,0.65026,0.677848,0.673029,0.143374,1.24357,0.827676,0.714289,0.964637,1.0063,0.736013,0.577418,0.883672,1.29019,0.954293,0.66046,0.935322
0.0922841,0.233412,0.41255,0.289808,0.794716,0.350654,0.204337,0.166284,0.295568,0.418796,0.438902,0.0416246,0.646454,0.675122,0.671208,0.14211,1.25983,0.833937,0.728828,0.955975,1.00795,0.732607,0.580405,0.889557,1.27632,0.946719,0.665272,0.951786
0.0917221,0.22787,0.41725,0.291032,0.779411,0.344547,0.202209,0.165025,0.296726,0.413081,0.436005,0.0410441,0.653966,0.67249,0.662344,0.144746,1.25479,0.854747,0.729498,0.961926,0.994729,0.744337,0.584672,0.881142,1.28348,0.951368,0.665232,0.947337
0.0902875,0.225638,0.411326,0.290455,0.770575,0.347129,0.202884,0.167573,0.292598,0.409487,0.440513,0.0412699,0.655228,0.665201,0.656684,0.142422,1.25482,0.863132,0.722051,0.96409,1.00018,0.747807,0.595253,0.875444,1.27612,0.941668,0.665247,0.956923
